,compound_id,inchi_key,mass,formation_energy_cc,formation_energy_rc
0,5,XLYOFNOQVPJJNP-UHFFFAOYSA-N,18.015,-238.55617503547182,-238.55617503547225
1,6,ZKHQWZAMYRWXGA-KQYNXXCUSA-J,503.151,-2814.2495044446373,-2814.249504444636
2,7,MYMOFIZGZYHOMD-UHFFFAOYSA-N,31.998,16.399999999864935,16.39999999990321
3,8,XJLXINKUBYWONI-NNYOXOHSSA-K,740.3860000000001,-3096.3550290340354,-683.1695479694818
4,9,ACFIXJIJDZMPPO-NNYOXOHSSA-J,741.3939999999999,-3067.684300996334,-654.4988199317794
5,10,XTWYTFMLZFPYCI-KQYNXXCUSA-K,424.18,-1945.9080966438835,-1945.9080966438844
6,11,BAWFJGJZGIEFAR-NNYOXOHSSA-M,662.422,-2256.5596506864727,156.62583037809742
7,12,NBIIXXVUZAFLBC-UHFFFAOYSA-L,95.979,-1093.4759118859688,-1093.4759118859695
8,13,BOPGDPNILDQYTO-NNYOXOHSSA-L,663.431,-2231.3487632130764,181.83671785149727
9,14,XPPKVPWEQAFLFU-UHFFFAOYSA-K,174.95,-1973.117536853148,-1973.1175368531494
10,15,RGJOEKWQDUBAIZ-IBOSZNHHSA-J,763.5,-3087.978873419521,108.35299450090031
11,16,CURLTUGMZLYLDI-UHFFFAOYSA-N,44.00899999999999,-386.00000000000193,-386.0000000000044
12,17,UDMBCSSLTHHNCD-KQYNXXCUSA-L,345.209,-1032.8474369472112,-1032.8474369472135
13,18,QGZKDVFQNNGYKY-UHFFFAOYSA-O,18.038,-82.43285094891796,-82.43285094891272
14,20,XCCTYIAWTASOJW-XVFCMESISA-K,401.13800000000003,-2490.176707977364,-46.04123937274396
15,21,ZJUKTBDSGOFHSH-WFMPWKQPSA-N,384.41,-330.5874908033869,6.102068462226251
16,22,KPGXRSRHYNQIFN-UHFFFAOYSA-L,144.083,-790.7078871344635,-790.7078871344618
17,23,ZSLZBFCDCINBPY-ZSJPKINUSA-J,805.54,-3228.203105273429,-31.871237353004236
18,24,MHAJPDPJQMAIIY-UHFFFAOYSA-N,34.014,-133.98888208428545,-133.9888820843137
19,25,LCTONWCANYUPML-UHFFFAOYSA-M,87.055,-466.87234814751037,-466.87234814751224
20,27,KDYFGRWQOYBRFD-UHFFFAOYSA-L,116.073,-678.3148273855205,-678.3148273855104
21,28,QTBSBXVTEAMEQO-UHFFFAOYSA-M,59.045,-367.7654535816884,-367.7654535816893
22,31,DHMQDGOQFOQNFH-UHFFFAOYSA-N,75.067,-379.06970893659593,-379.0697089365895
23,32,QGWNDRXFNXRZMB-UUOKFMHZSA-K,440.17900000000003,-2453.6322587772274,-111.37322336265902
24,33,IERHLVCPSMICTF-XVFCMESISA-L,321.183,-1360.235311515152,456.9286043436788
25,34,QNAYBMKLOCPYGJ-REOHCLBHSA-N,89.094,-366.79184145735667,-366.7918414573479
26,35,IMGVNJNCCGXBHD-UYBVJOGSSA-K,783.5419999999999,-2176.307652860502,38.76523881839782
27,39,ZDXPYRJPNDTMRX-VKHMYHEASA-N,146.14600000000002,-525.6975847693182,-525.6975847693211
28,40,YPZRHBJKEMOYQH-UYBVJOGSSA-L,785.558,-2253.8381304972672,-38.765238818378165
29,41,BDAGIHXWWSANSR-UHFFFAOYSA-M,45.018,-347.33787213442645,-347.3378721344206
30,43,WQZGKKKJIJFFOK-GASJEMHNSA-N,180.15599999999998,-916.2165553129199,-916.2165553129171
31,44,CKLJMWTZIZZHCS-REOHCLBHSA-M,132.096,-697.2464801425183,-697.2464801425194
32,48,KHPXUQMNIQBQEV-UHFFFAOYSA-L,130.056,-793.1136501576995,-793.1136501577063
33,49,LFTYTUAZOPRMMI-CFRASDGPSA-L,605.34,-3115.7376832249556,791.0463960182692
34,51,XKMLYUALXHKNFT-UUOKFMHZSA-J,519.15,-3324.4908075199282,-982.2317721053695
35,52,HSCJRCZFDFQWRP-JZMIEXBBSA-L,564.2869999999999,-3145.9587703078605,-701.8233017032646
36,53,MTCFGRXMJLQNBG-REOHCLBHSA-N,105.09299999999999,-521.901713806847,-521.9017138068438
37,55,XUJNEKJLAYXESH-REOHCLBHSA-N,121.15,-338.86933339132,-338.86933339133793
38,56,WSFSSNUMVMOOMR-UHFFFAOYSA-N,30.026,-124.04101556712774,-124.04101556712291
39,57,RWSXRVCMGQZWBV-WDSKDSINSA-M,306.31,-938.3551493118948,-31.500644078373103
40,58,QAOWNCQODCNURD-UHFFFAOYSA-L,96.06,-745.1472340182528,-745.1472340182535
41,60,BVKZGUZCCUSVTD-UHFFFAOYSA-M,61.016999999999996,-588.2677801563558,-588.2677801563581
42,61,FFEARJCKVFRZRR-BYPYZUCNSA-N,149.21,-318.00993736244345,63.07353122324265
43,63,PCDQPRRSZKQHHS-XVFCMESISA-J,479.125,-3143.5452087378762,-705.5192363338549
44,64,AWUCVROLDVIAJX-GSVOUGTGSA-L,170.058,-1338.1294251029356,-1338.129425102934
45,66,HHLFWLYXYJOTON-UHFFFAOYSA-M,73.028,-470.94114700121327,-470.9411470012131
46,67,ODKSFYDXXFIFQN-BYPYZUCNSA-O,175.21099999999998,-296.5891686465263,160.88145216237146
47,70,DTBNBXWJWCWCIK-UHFFFAOYSA-K,165.018,-1265.9540386624496,-1265.9540386624508
48,71,LXJXRIRHZLFYRP-VKHMYHEASA-L,168.042,-1289.3363843557324,-1289.3363843557343
49,72,IKHGUXGNUITLKF-UHFFFAOYSA-N,44.053000000000004,-140.38620218557745,-140.38620218558063
50,73,OUYCCCASQSFEME-QMMMGPOBSA-N,181.19099999999997,-370.6588671573383,-370.65886715733734
51,74,GNGACRATGGDKBX-UHFFFAOYSA-L,168.042,-1294.8833934504212,-1294.8833934504253
52,75,KDXKERNSBIXSRK-YFKPBYRVSA-O,147.197,-360.05923191645843,153.54549770639625
53,77,DJJCXFVJDGTHFX-XVFCMESISA-L,322.16700000000003,-1575.1711117883629,868.9643568162425
54,78,MVMSCBBUIHUTGJ-GDJBGNAASA-L,603.328,-3113.1442881744833,-770.8852527599299
55,79,NUHSROFQTUXZQQ-UHFFFAOYSA-K,243.06900000000002,-1830.0402914025772,2.4511950965659
56,81,QAQREVBBADEHPA-IEXPHMLFSA-J,819.57,-3212.559866534663,418.9048304880072
57,82,HDYANYHVCAPMJV-LXQIFKJMSA-K,577.262,-3318.211852396232,351.7823937875916
58,83,MNBKLUUYKPBKDU-BBECNAHFSA-J,1001.92,-3126.096387646705,83.37475538782712
59,84,NINIDFKCEFEMDL-UHFFFAOYSA-N,34.08,4.04192701751359e-12,-4.513784956662197e-12
60,85,OEYIOHPDSNJKLS-UHFFFAOYSA-N,104.17200000000001,-136.18105625730055,145.14605748094982
61,86,PQGCEDQWHSBAJP-TXICZTDVSA-I,385.029,-3332.7034069516926,-3332.703406951689
62,87,VNOYUJKHFWYWIR-ITIYDSSPSA-I,862.57,-3540.7675729360003,-344.4357050155658
63,88,VZCYOOQTPOCHFL-OWOJBTEDSA-L,114.057,-598.4456411334903,-598.4456411334913
64,89,QIVBCDIJIAJPQS-VIFPVBQESA-N,204.229,-112.0135932323263,-112.01359323232992
65,91,COLNVLDHVKWLRT-QMMMGPOBSA-N,165.192,-207.07272454919698,-207.07272454919567
66,92,BJEPYKJPYRNKOW-REOHCLBHSA-L,132.072,-840.4316500484713,-840.4316500484761
67,101,IOVCWXUNBOPUCH-UHFFFAOYSA-M,46.006,-73.74451297372846,-73.74451297372845
68,102,IPCSVZSSVZVIGE-UHFFFAOYSA-M,255.423,-259.35855222810017,-259.35855222810056
69,104,CWYNVVGOOAEACU-UHFFFAOYSA-N,55.843999999999994,-78.86043176248562,-78.860431762493
70,106,RQFCJASXJCIDSX-UUOKFMHZSA-L,361.208,-1539.6867257295476,802.5723096850229
71,107,ONIBWKKTOPOVIA-BYPYZUCNSA-N,115.132,-301.99424566658286,155.47637514231954
72,109,KTVPXOYAKDPRHY-SOOFDHNKSA-L,228.09400000000002,-1597.37361343416,-1597.3736134341614
73,110,XSQUKJJJFZCRTK-UHFFFAOYSA-N,60.056000000000004,-202.77805101579352,-202.77805101579688
74,112,ANKZYBDXHMZBDK-SCRDCRAPSA-K,454.333,-1318.988903178526,39.78980510711606
75,113,PGAVKCOVUIYSFO-XVFCMESISA-J,480.10900000000004,-3359.872112121739,-915.7366435171475
76,117,GRSZFWQUAKGDAV-KQYNXXCUSA-L,346.19300000000004,-1260.519781616824,-1260.5197816168275
77,118,OSJPPGNTCRNQQC-UWTATZPHSA-K,183.033,-1504.5458590331928,-1504.5458590331946
78,119,CDAISMWEOUEBRE-GPIVLXJGSA-N,180.15599999999998,-988.9823042772931,-0.868761491616133
79,123,KRKNYBCHXYNGOX-UHFFFAOYSA-K,189.101,-1163.0883729932937,-1163.0883729932946
80,124,CBIDRCWHNCKSTO-UHFFFAOYSA-K,243.06900000000002,-1834.9426815957106,-2.4511950965693683
81,125,OJFDKHTZOUZBOS-CITAKDKDSA-J,847.58,-3343.23469448979,-146.90282656936648
82,126,HNDVDQJCIGZPNO-YFKPBYRVSA-N,155.157,-173.98660767837913,23.78701949685851
83,127,YZXBAPSDXZZRGB-DOFZRALJSA-M,303.467,79.66403502018012,-98.99340598988096
84,130,FFQKYPRQEYGKAF-UHFFFAOYSA-L,139.004,-1229.0164914802633,-1229.0164914802617
85,132,ROHFNLRQFUQHCH-YFKPBYRVSA-N,131.175,-348.6869957572076,-348.68699575720865
86,134,AYFVYJQAPQTCCC-GBXIJSLDSA-N,119.12,-529.3019941845123,-529.3019941845072
87,135,OVRNDRQMDRJTHS-RTRLPJTCSA-N,221.209,-889.2128862229525,155.77492041383724
88,136,UCMIRNVEIXFBKS-UHFFFAOYSA-N,89.094,-373.30221444175714,-373.3022144417514
89,137,FNZLKVNUWIIPSJ-UHNVWZDZSA-L,228.09400000000002,-1595.3364189925696,-1595.336418992573
90,139,DCXYFEDJOCDNAF-REOHCLBHSA-N,132.119,-526.0410563103158,-526.0410563103142
91,140,DDQYFSWAPPTJDD-UHFFFAOYSA-N,320.38,14.371855793906688,14.371855793909972
92,142,WUUGFSXJNOTRMR-IOSLPCCCSA-N,297.33,-4.837172578366335,695.5111755580838
93,143,YPZRWBKMTBYPTK-BJDJZHNGSA-L,610.61,-1842.1010553634148,-28.392044896380597
94,144,UJLXYODCHAELLY-XLPZGREQSA-K,399.166,-2320.3524705647924,-456.5202535246619
95,145,KKADPXVIOXHVKN-UHFFFAOYSA-M,179.15200000000002,-470.6215207701651,-470.6215207701728
96,146,WDJHALXBUFZDSR-UHFFFAOYSA-M,101.08200000000001,-488.3167869552794,-488.3167869552805
97,148,QNAYBMKLOCPYGJ-UWTATZPHSA-N,89.094,-366.82402181705646,-366.82402181705487
98,149,OKKJLVBELUTLKV-UHFFFAOYSA-N,32.042,-175.27805189491116,-175.2780518949053
99,150,ISAKRJDGNUQOIC-UHFFFAOYSA-N,112.088,-238.55830010317072,257.0929688491578
100,151,TYEYBOSBBBHJIV-UHFFFAOYSA-M,101.08200000000001,-470.0462266630322,-470.0462266630229
101,152,NBSCHQHZLSJFNQ-GASJEMHNSA-L,258.12,-1762.5671988501379,-1762.5671988501408
102,157,GUBGYTABKSRVRQ-PICCSMPSSA-N,342.29699999999997,-1579.3202578914509,-1579.320257891452
103,158,"PTWSIIUEOFZCHW-NTCAYCPXSA-N
",308.421,63.56070706505291,32.78957715767906
104,159,CZMRCDWAGMRECN-UGDNZRGBSA-N,342.29699999999997,-1569.1509028855517,-1569.1509028855567
105,160,GFFGJBXGBJISGV-UHFFFAOYSA-N,135.13,308.3986848991304,308.3986848991343
106,161,,,19.875910000007554,19.87590999999365
107,163,UIUJIQZEACWQSV-UHFFFAOYSA-M,101.08200000000001,-465.1920738455312,-25.54372958255992
108,164,PHIQHXFUZVPYII-ZCFIWIBFSA-N,161.201,-464.20960712845516,-60.18493080728901
109,165,LRFVTYWOQMYALW-UHFFFAOYSA-N,152.113,-114.69131360684412,251.2996638151356
110,167,"SQQWBSBBCSFQGC-JLHYYAGUSA-N
",318.413,-328.7287532947421,50.8367608061165
111,168,,,-19.875909999998797,-19.875910000008634
112,169,JVTAAEKCZFNVCJ-REOHCLBHSA-M,89.071,-511.4303581252837,-511.4303581252733
113,172,WQZGKKKJIJFFOK-QTVWNMPRSA-N,180.15599999999998,-913.5051074718822,-913.5051074718822
114,173,QYNUQALWYRSVHF-OLZOCXBDSA-L,455.43199999999996,-716.4388936747772,16.983512144662672
115,176,FNZLKVNUWIIPSJ-RFZPGFLSSA-L,228.09400000000002,-1598.7021129891962,-1598.7021129892003
116,177,SUHOOTKUPISOBE-UHFFFAOYSA-M,140.055,-1041.4999823289886,-632.7356834621241
117,179,RBNPOMFGQQGHHO-UWTATZPHSA-M,105.07,-666.9434398935515,-666.9434398935537
118,181,BTCSSZJGUNDROE-UHFFFAOYSA-N,103.12100000000001,-371.3216719073504,68.32667235562062
119,183,JOUIQRNQJGXQDC-ZYUZMQFOSA-L,333.19,-1560.8928131701273,-683.7430118821424
120,184,UFHFLCQGNIYNRP-UHFFFAOYSA-N,2.016,17.610974052546112,17.61097405254803
121,185,VTLYFUHAOXGGBS-UHFFFAOYSA-N,55.843,-4.610971465619617,-4.61097146561817
122,187,HDTRYLNUVZCQOY-LIZSDCNHSA-N,342.29699999999997,-1582.2171192396404,-1582.2171192396434
123,188,KZSNJWFQEVHDMF-BYPYZUCNSA-N,117.148,-358.67757575451367,-358.67757575451196
124,191,"RNUCUWWMTTWKAH-JLHYYAGUSA-N
",320.42900000000003,-430.40227490696236,-50.83676080611435
125,195,NHNBFGGVMKEFGY-UHFFFAOYSA-N,62.005,-108.69010794062736,-108.69010794062632
126,196,YTNIXZGTHTVJBW-SCRDCRAPSA-L,456.349,-1398.5685133927552,-39.78980510711996
127,198,DEDGUGJNLNLJSR-UHFFFAOYSA-M,163.153,-301.8299995637489,-301.8299995637477
128,199,RHGKLRLOHDJJDR-BYPYZUCNSA-N,175.188,-487.5591146980278,-30.088493889125566
129,200,OIRDTQYFTABQOQ-KQYNXXCUSA-N,267.245,-191.6107667291736,-191.6107667291821
130,201,FDGQSTZJBFJUBT-UHFFFAOYSA-N,136.114,90.24539455905509,90.24539455906066
131,202,KFWWCMJSYSSPSK-PAXLJYGASA-J,831.58,-3136.0798816770252,60.251986243385645
132,203,NBSCHQHZLSJFNQ-DVKNGEFBSA-L,258.12,-1755.174406745425,0.6573493082418037
133,204,DFPAKSUCGFBDDF-UHFFFAOYSA-N,122.12700000000001,-31.510342449834923,258.626784436596
134,206,HZAXFHJVJLSVMW-UHFFFAOYSA-O,62.091,-186.3946119932686,-27.83629447376028
135,208,ZWIADYZPOWUWEW-XVFCMESISA-K,400.154,-2274.0925202024982,-456.92860434368555
136,210,AEMRFAOFKBGASW-UHFFFAOYSA-M,75.044,-532.6821045808276,-532.6821045808275
137,214,SQVRNKJHWKZAKO-LUWBGTNYSA-M,308.264,-1360.2617726605706,-315.2739660237924
138,215,MWUXSHHQAYIFBG-UHFFFAOYSA-N,30.006,86.49999999999764,86.49999999999979
139,216,YHHSONZFOIEMCP-UHFFFAOYSA-M,182.136,-985.595115573519,-704.2680018352657
140,218,AGPKZVBTJJNPAG-WHFBIAKZSA-N,131.175,-343.86630171095885,-343.86630171095845
141,222,PXQPEWDEAKTCGB-UHFFFAOYSA-M,155.09,-583.9663929169244,-583.9663929169461
142,224,AUFGTPPARQZWDO-YPMHNXCESA-L,471.431,-934.1948993123397,-200.77249349290156
143,226,AEMFNILZOJDQLW-QAGGRKNESA-N,286.415,-846.3203168210064,9.930157581274878
144,228,AEMOLEFTQBMNLQ-AQKNRBDQSA-M,193.132,-1092.778537695001,-0.27822322076677164
145,229,HMFHBZSHGGEWLO-SOOFDHNKSA-N,150.13,-743.3561057168212,-743.3561057168262
146,230,IVOMOUWHDPKRLL-KQYNXXCUSA-M,328.20099999999996,-795.1050496566065,-795.1050496566146
147,231,OAKURXIZZOAYBC-UHFFFAOYSA-M,87.055,-477.3687349578505,-477.3687349578581
148,233,PHIQHXFUZVPYII-LURJTMIESA-N,161.201,-466.8657425612759,-62.841066240106315
149,239,UFIVEPVSAGBUSI-REOHCLBHSA-M,157.106,-613.2884670189164,-613.288467018929
150,241,,27.026,119.57050616877278,119.57050616877572
151,242,BAVYZALUXZFZLV-UHFFFAOYSA-O,32.065,-39.85512583959267,-39.8551258395886
152,244,GYOZYWVXFNDGLU-XLPZGREQSA-L,320.195,-1407.3119635154833,456.5202535246519
153,245,NGHMDNPXVRFFGS-IUYQGCFVSA-L,198.06799999999998,-1440.530273904119,-1440.5302739041217
154,246,UYTPUPDQBNUYGX-UHFFFAOYSA-N,151.129,-187.00595961739737,2155.2530757971817
155,248,LJQLQCAXBUHEAZ-UWTATZPHSA-J,262.005,-2354.064001564343,-2354.0640015643467
156,250,FGSBNBBHOZHUBO-UHFFFAOYSA-L,158.11,-780.5035949677089,89.89980093975822
157,253,NCMVOABPESMRCP-SHYZEUOFSA-L,305.184,-1190.8699076899975,456.90594199005693
158,254,HWXBTNAVRSUOJR-GSVOUGTGSA-L,146.099,-835.667172850012,-835.6671728500136
159,255,OYIFNHCXNCRBQI-BYPYZUCNSA-M,160.15,-681.0232091666422,189.38018674082628
160,258,JDTUMPKOJBQPKX-GBNDHIKLSA-L,288.14599999999996,-1910.5447306152305,-1910.5447306152337
161,260,PVNIIMVLHYAWGP-UHFFFAOYSA-M,122.104,-193.40678940584144,683.7430118821447
162,261,GXIURPTVHJPJLF-UWTATZPHSA-K,183.033,-1500.4259301006387,-1500.425930100644
163,266,LIPOUNRJVLNBCD-UHFFFAOYSA-L,138.016,-1224.630375949533,-1224.6303759495333
164,267,OZRNSSUDZOLUSN-LBPRGKRZSA-L,441.405,-762.5306059078393,-29.10820008840072
165,269,RZZPDXZPRHQOCG-OJAKKHQRSA-M,487.319,-2155.473403658003,563.8796824842616
166,270,DQQDLYVHOTZLOR-OCIMBMBZSA-L,534.261,-2989.858476118027,-0.0671106058986945
167,271,JVTAAEKCZFNVCJ-UWTATZPHSA-M,89.071,-508.30298786758806,-508.3029878675847
168,272,SUYVUBYJARFZHO-RRKCRQDMSA-J,487.152,-2645.399504156148,7.624154803336998
169,273,IRLPACMLTUPBCL-KQYNXXCUSA-L,425.27,-1541.4021509768213,-1541.4021509768227
170,274,DRTQHJPVMGBUCF-XVFCMESISA-N,244.203,-729.6362189730482,-233.98495002072414
171,277,MUBZPKHOEPUJKR-UHFFFAOYSA-L,88.01899999999999,-673.8595685690817,-673.8595685690849
172,279,OYHQOLUKZRVURQ-HZJYTTRNSA-M,279.445,-83.40465839323828,5.263411821075496
173,280,MUMGGOZAMZWBJJ-DYKIIFRCSA-N,288.431,-866.1806319835587,-9.930157581277253
174,281,YXJDFQJKERBOBM-TXICZTDVSA-L,228.09400000000002,-1585.6667491434737,-1585.6667491434725
175,285,DWAKNKKXGALPNW-BYPYZUCNSA-M,112.109,-192.3020762572329,265.16854455166384
176,287,LFQSCWFLJHTTHZ-UHFFFAOYSA-N,46.068999999999996,-179.09451841255708,-179.0945184125594
177,289,VOKUMXABRRXHAR-UHFFFAOYSA-M,101.08200000000001,-457.85124881504686,19.316481359955375
178,293,AIJULSRZWUXGPQ-UHFFFAOYSA-N,72.063,-259.5498048576386,27.498349769106795
179,294,RADKZDMFGJYCBB-UHFFFAOYSA-N,167.16400000000002,-324.71613541339246,-18.926657805632228
180,297,RSTKLPZEZYGQPY-UHFFFAOYSA-M,202.19,-252.56478048322293,1.4238033569107382
181,300,ZNOVTXRBGFNYRX-STQMWFEESA-L,457.44800000000004,-771.4247143009117,-38.002308481471644
182,307,BIRSGZKFKXLSJQ-SQOUGZDYSA-K,273.111,-1964.8809398570327,-1964.880939857026
183,309,DNXHEGUUPJUMQT-CBZIJGRNSA-N,270.372,-682.1527194173334,11.06547251864672
184,313,WHUUTDBJXJRKMK-GSVOUGTGSA-M,146.123,-691.3840300574201,-691.3840300574177
185,316,UGQMRVRMYYASKQ-KQYNXXCUSA-N,268.22900000000004,-410.5953677876208,-410.59536778762333
186,318,HXXFSFRBOHSIMQ-FPRJBGLDSA-L,258.12,-1751.213803883315,-1751.2138038833205
187,319,WTFXTQVDAKGDEY-HTQZYQBOSA-L,224.169,-770.6823277073755,-74.6257417828334
188,320,UHDGCWIWMRVCDJ-XVFCMESISA-N,243.21900000000002,-518.7592877807394,-23.10801882841953
189,321,PHOQVHQSTUBQQK-SQOUGZDYSA-N,178.14,-902.8341156361386,-902.834115636142
190,323,RGHNJXZEOKUKBD-SQOUGZDYSA-M,195.148,-1128.2794108228463,-1128.2794108228484
191,330,WGCNASOHLSPBMP-UHFFFAOYSA-N,60.052,-294.2695183064959,265.2537732748515
192,331,XFNJVJPLKCPIBV-UHFFFAOYSA-P,76.142,-50.57113854509961,50.92275232286759
193,333,GETQZCLCWQTVFV-UHFFFAOYSA-O,60.119,37.17142198173623,37.171421981740885
194,334,UKAUYVFTDYCKQA-VKHMYHEASA-N,119.12,-492.66489110404046,-492.66489110403654
195,336,DAYLJWODMCOQEW-TURQNECASA-M,333.213,-1413.9796613929586,999.2058196716131
196,337,XBDQKXXYIPTUBI-UHFFFAOYSA-M,73.072,-362.7758148186365,72.35701428361706
197,339,VOXZDWNPVJITMN-ZBRFXRBCSA-N,272.388,-704.2836644546181,-11.065472518642112
198,342,HOSWPDPVFBCLSY-VKHMYHEASA-N,117.104,-452.54515010070105,-452.54515010071265
199,343,GUBGYTABKSRVRQ-QKKXKWKRSA-N,342.29699999999997,-1576.0491524750062,-1576.0491524750012
200,346,NOTGFIUVDGNKRI-UUOKFMHZSA-L,336.19800000000004,-1357.0364180651868,242.51356911567586
201,350,XHMJOUIAFHJHBW-IVMDWMLBSA-M,258.143,-1608.2311975972239,-1608.2311975972232
202,351,HUMNYLRZRPPJDN-UHFFFAOYSA-N,106.124,3.627563757420777,19.01711596691982
203,352,BEUZRXRCQLIWPE-NALJQGANSA-I,768.561,-2589.240199975317,5.149813862499424
204,354,DAEAPNUQQAICNR-RRKCRQDMSA-K,408.181,-1780.150616812457,-15.248309606657385
205,357,SIKJAQJRHWYJAI-UHFFFAOYSA-N,117.15100000000001,221.08682517265527,221.0868251726532
206,359,BZQFBWGGLXLEPQ-REOHCLBHSA-L,183.05700000000002,-1366.8577695403176,-1366.8577695403144
207,364,ZDGJAHTZVHVLOT-YUMQZZPRSA-M,275.282,-969.6518896764048,-456.04716005355857
208,366,RWQNBRDOKXIBIV-UHFFFAOYSA-N,126.115,-232.16003215643002,-100.70278995366249
209,367,PDACUKOKVHBVHJ-XVFCMESISA-M,294.18,-1170.219598877869,171.85670489354968
210,369,WQZGKKKJIJFFOK-PHYPRBDBSA-N,180.15599999999998,-909.2784439578962,-909.2784439578992
211,371,HHDDCCUIIUWNGJ-UHFFFAOYSA-M,103.054,-618.0980210431024,-618.0980210431072
212,372,GACTWZZMVMUKNG-SLPGGIOYSA-L,260.13599999999997,-1792.7473018833787,-1792.7473018833716
213,373,NHVNXKFIZYSCEB-XLPZGREQSA-J,478.13699999999994,-3184.823683636032,-105.87965027308337
214,375,DBXBTMSZEOQQDU-UHFFFAOYSA-M,103.098,-496.48421153495923,-19.316481359955592
215,377,CSCPPACGZOOCGX-UHFFFAOYSA-N,58.08,-160.25192480651103,-160.25192480650995
216,379,CVSVTCORWBXHQV-UHFFFAOYSA-N,131.135,-259.1998156991952,-259.1998156991976
217,380,NYHBQMYGNKIUIF-UUOKFMHZSA-N,283.244,-689.9343456620766,1652.3246897525057
218,383,BKAJNAXTPSGJCU-UHFFFAOYSA-M,129.136,-448.7674640125052,-448.76746401250756
219,386,JTFITTQBRJDSTL-KVTDHHQDSA-L,258.18,-1395.8595236945416,-695.5111755580893
220,390,FTDHDKPUHBLBTL-SHYZEUOFSA-K,384.155,-2104.6817916701066,-456.9059419900584
221,396,RNBGYGVWRKECFJ-VRPWFDPXSA-J,336.084,-2599.3694050833383,-2599.3694050833474
222,397,VZXPDPZARILFQX-BYPYZUCNSA-N,147.13,-668.7692205631412,-668.7692205631411
223,398,LXNHXLLTXMVWPM-UHFFFAOYSA-N,169.18,-369.1936846086079,-63.40420700084276
224,399,IQFYYKKMVGJFEH-XLPZGREQSA-N,242.231,-563.286164143004,100.70278995366262
225,402,HAEJPQIATWHALX-KQYNXXCUSA-J,504.135,-3067.7955280225165,-3067.795528022519
226,404,NCYCYZXNIZJOKI-OVSJKPMPSA-N,284.443,300.49220908458767,32.847181073516474
227,408,IJOJIVNDFQSGAB-SQOUGZDYSA-L,256.10400000000004,-1748.8872225398059,-1748.8872225398077
228,411,KHWCHTKSEGGWEX-RRKCRQDMSA-L,329.21,-869.1568006487919,7.624154803328417
229,414,MNQZXJOMYWMBOU-VKHMYHEASA-N,90.07799999999999,-437.0692016723955,-437.06920167239707
230,415,CIKGWCTVFSRMJU-KVQBGUIXSA-K,424.18,-2282.271371131898,-455.22462246325745
231,416,UYPYRKYUKCHHIB-UHFFFAOYSA-N,75.111,102.19678237071213,102.19678237071247
232,417,WBYWAXJHAXSJNI-VOTSOKGWSA-M,147.154,-126.72502870632374,-126.72502870632204
233,419,WPAMZTWLKIDIOP-WVZVXSGGSA-M,177.13299999999998,-922.250121003792,-922.250121003794
234,420,LEHOTFFKMJEONL-UHFFFAOYSA-N,168.112,-357.5752250843118,-357.57522508431305
235,421,"CZHYZLLLSCZMRL-NTCAYCPXSA-N
",310.437,-2.0184472503042734,-32.78957715767394
236,423,QMMFVYPAHWMCMS-UHFFFAOYSA-N,62.13,8.269346158120289,-15.437599999998826
237,425,QHHKKMYHDBRONY-VKBDFPRVSA-J,849.59,-3378.4303838857995,-182.09851596538346
238,427,LABSPYBHMPDTEL-LIZSDCNHSA-L,420.26099999999997,-2430.5687205773147,-2430.568720577317
239,428,WVIMUEUQJFPNDK-PEBGCTIMSA-M,445.23800000000006,-2214.0545878087496,632.735683462126
240,430,PSXWNITXWWECNY-UCBTUHGZSA-L,544.3,-2784.5580063631587,-49.880650441264144
241,435,ABCOOORLYAOBOZ-KQYNXXCUSA-L,364.208,-1481.6971591385222,117.85282804234298
242,437,FERIUCNNQQJTOY-UHFFFAOYSA-M,87.09899999999999,-352.5912469061844,-352.59124690618773
243,438,RXKJFZQQPQGTFL-UHFFFAOYSA-N,90.07799999999999,-452.0604793932278,-452.06047939322883
244,439,SRBFZHDQGSBBOR-HWQSCIPKSA-N,150.13,-762.5257835111465,-2.4487391258465387
245,443,HLKXYZVTANABHZ-REOHCLBHSA-L,174.113,-813.1444436391133,-813.1444436391215
246,447,FBPFZTCFMRRESA-JGWLITMVSA-N,182.172,-945.4631377180749,-945.4631377180724
247,453,QWBAFPFNGRFSFB-UHFFFAOYSA-M,103.054,-616.5626785718354,-616.5626785718357
248,456,WVMWZWGZRAXUBK-SYTVJDICSA-M,189.144,-983.907900822691,-101.40844856064244
249,459,KDTSHFARGAKYJN-IBOSZNHHSA-L,685.54,-2266.998704823013,929.3331630974346
250,467,NWZYYCVIOKVTII-SFOWXEAESA-M,133.084,-678.5913657547375,-678.5913657547405
251,470,PCXDJQZLDDHMGX-UHFFFAOYSA-O,74.102,-152.41664319084146,-50.922752322869265
252,472,JPXZQMKKFWMMGK-KQYNXXCUSA-K,425.164,-2203.0832848387304,-2203.083284838733
253,474,WLJVXDMOQOGPHL-UHFFFAOYSA-M,135.143,-203.98548301034091,18.2289608630641
254,482,OIVLITBTBDPEFK-UHFFFAOYSA-N,114.104,-258.7293851122389,102.66450977929517
255,483,XFVULMDJZXYMSG-ZIYNGMLESA-L,337.18199999999996,-1513.933008664964,-171.85670489355343
256,484,NBSCHQHZLSJFNQ-VFUOTHLCSA-L,258.12,-1756.4891053619046,-0.6573493082389329
257,486,HEBKCHPVOIAQTA-SCDXWVJYSA-N,152.14600000000002,-783.6686076034661,-783.6686076034612
258,487,MEANFMOQMXYMCT-OLZOCXBDSA-M,454.42400000000004,-731.7296014044965,1.692804414941448
259,489,SJZRECIVHVDYJC-UHFFFAOYSA-M,103.098,-482.4312870360318,-42.78294277306326
260,493,KYOBSHFOBAOFBF-XVFCMESISA-K,365.168,-1887.920115033576,-1887.920115033606
261,494,IXPYGZIWHPPILV-NALJQGANSA-J,771.584,-2599.5398277003146,-5.149813862499661
262,497,RMHHUKGVZFVHED-UHFFFAOYSA-L,146.055,-951.5632340174009,-8.887883818446815
263,503,GMKMEZVLHJARHF-SYDPRGILSA-N,190.199,-687.7560708155837,-0.8271399335169032
264,514,LFLUCDOSQPJJBE-UHFFFAOYSA-K,181.017,-1453.085610514091,-1453.0856105140938
265,516,SRBFZHDQGSBBOR-ZRMNMSDTSA-N,150.13,-745.9395433830274,-745.9395433830282
266,518,LTFMZDNNPPEQNG-KVQBGUIXSA-L,345.209,-1371.8221262053762,455.22462246325875
267,520,NHZMQXZHNVQTQA-UHFFFAOYSA-O,169.203,-223.45861280128975,82.33086480647447
268,522,KDZOASGQNOPSCU-WDSKDSINSA-M,289.269,-909.8985323200855,-452.4279115111897
269,532,WFPZSXYXPSUOPY-ROYWQJLOSA-L,587.3290000000001,-2606.817068267696,-2606.8170682677037
270,533,WVDDGKGOMKODPV-UHFFFAOYSA-N,108.14,-34.40666817642922,-19.017115966916503
271,534,SXMOKYXNAPLNCW-GORZOVPNSA-J,791.51,-3235.018229616883,598.7052509817047
272,536,OFBHPPMPBOJXRT-DPXQIYNJSA-J,459.26599999999996,-1636.6128177610408,-1636.612817761045
273,537,OKZYCXHTTZZYSK-ZCFIWIBFSA-K,225.114,-1489.081908826605,456.5954257208151
274,544,CGSJXLIKVBJVRY-XTGBIJOFSA-N,384.648,-588.392180308704,-3.400882585891624
275,545,COJBGNAUUSNXHX-UHFFFAOYSA-M,144.107,-637.2773735410025,-637.277373541004
276,549,,44.013000000000005,104.20000000000017,104.199999999998
277,552,VBUYCZFBVCCYFD-JJYYJPOSSA-M,193.132,-1092.9191288503662,-1092.919128850367
278,554,NUCLJNSWZCHRKL-UHFFFAOYSA-M,175.125,-642.2830428404933,-642.2830428405055
279,557,BPMFZUMJYQTVII-UHFFFAOYSA-N,117.10799999999999,-314.35759811494006,-314.35759811494313
280,563,OTOIIPJYVQJATP-BYPYZUCNSA-M,147.151,-636.4632426311009,34.98370211018144
281,567,ZAQJHHRNXZUBTE-WUJLRWPWSA-N,150.13,-746.5587801125093,-746.5587801125145
282,572,JXOHGGNKMLTUBP-HSUXUTPPSA-M,173.145,-777.910747390134,104.58870487192233
283,577,NAQGHJTUZRHGAC-ZZZDFHIKSA-J,450.255,-1959.9163843388842,-360.36639715802636
284,578,MZFOKIKEPGUZEN-AGCMQPJKSA-I,862.57,-3533.1959267066823,-336.8640587862537
285,581,SLWWJZMPHJJOPH-PHDIDXHHSA-M,171.12900000000002,-750.6420553035937,131.8573969584591
286,585,FBPFZTCFMRRESA-KVTDHHQDSA-N,182.172,-943.7848048307604,-943.7848048307603
287,587,OVBPIULPVIDEAO-LBPRGKRZSA-L,439.389,-723.6966905145116,9.725715304930478
288,588,QVXMZFTWJVBUHP-IBOSZNHHSA-I,834.52,-3545.471287740749,-349.1394198203279
289,590,MUPFEKGTMRGPLJ-ZQSKZDJDSA-N,504.43800000000005,-2241.957081879287,0.8687614916169504
290,594,OLXZPDWKRNYJJZ-RRKCRQDMSA-N,251.24599999999998,-29.782956963260403,502.74875493064354
291,612,GMKMEZVLHJARHF-WHFBIAKZSA-N,190.199,-686.1017909485512,0.8271399335164801
292,617,OVPRPPOVAXRCED-WVZVXSGGSA-K,255.09599999999998,-1769.2998214680663,-1769.299821468068
293,621,JLVVSXFLKOJNIY-UHFFFAOYSA-N,24.304000000000002,-455.2604317624956,-455.2604317624957
294,626,SHZGCJCMOBCMKK-DHVFOXMCSA-N,164.157,-759.698470669064,-2.731223150426953
295,629,HZSAJDVWZRBGIF-UHFFFAOYSA-M,343.32,-644.3839097990741,637.0627017535377
296,630,WHBMMWSBFZVSSR-GSVOUGTGSA-M,103.098,-516.868663412945,-516.8686634129439
297,631,ROWKJAVDOGWPAT-GSVOUGTGSA-N,88.10600000000001,-294.23405143568164,16.44351529969121
298,634,GBMIGEWJAPFSQI-CAFBYHECSA-K,785.678,-2275.327510119192,39.84101915160815
299,635,SCBIBGUJSMHIAI-LHIIQLEZSA-K,773.6669999999999,-2355.009548422408,-39.84101915160976
300,649,HXEACLLIILLPRG-YFKPBYRVSA-N,129.159,-318.6760976920372,-19.783187327865686
301,650,ZAQJHHRNXZUBTE-UCORVYFPSA-N,150.13,-757.6283052594571,2.448739125846382
302,652,UBORTCNDUKBEOP-UUOKFMHZSA-N,284.228,-617.2906412371073,-251.2996638151362
303,654,SIGQQUBJQXSAMW-ZCFIWIBFSA-J,304.086,-2402.2727602682335,-456.59542572081057
304,658,MTCFGRXMJLQNBG-UWTATZPHSA-N,105.09299999999999,-522.4398438624032,72.27710031233
305,664,LOIYMIARKYCTBW-OWOJBTEDSA-M,137.119,-85.30591706833434,112.46771010689582
306,675,VNWKTOKETHGBQD-UHFFFAOYSA-N,16.043,-34.37805189490448,-34.37805189490002
307,677,NFOYYXQAVVYWKV-HDRQGHTBSA-J,875.63,-3317.857118335044,-54.24096667828283
308,684,,28.014,18.700000000000067,18.700000000000127
309,689,RFMMMVDNIPUKGG-YFKPBYRVSA-L,187.15200000000002,-810.3762515572284,-391.2800565375148
310,701,KXDHJXZQYSOELW-UHFFFAOYSA-M,60.033,-377.35547542772906,-377.3554754277243
311,703,IAZDPXIOMUYVGZ-UHFFFAOYSA-N,78.13,39.14454615811243,15.437600000001048
312,708,OINXHIBNZUUIMR-IXUYQXAASA-J,859.63,-3116.702652527342,146.9134991294287
313,711,VAAHKRMGOFIORX-IKTBLOROSA-J,877.65,-3356.2886841079107,-92.6725324511476
314,715,,58.08,51.055487809770334,51.05548780976875
315,739,XOMRRQXKHMYMOC-OAQYLSRUSA-N,399.616,-500.53870682310736,-83.37475538782581
316,745,OIPILFWXSMYKGL-UHFFFAOYSA-N,146.209,-286.08485186817643,-4.757738129923158
317,748,ROSDSFDQCJNGOL-UHFFFAOYSA-O,46.092,-3.3454636121414967,-3.345463612140881
318,751,NTGWPRCCOQCMGE-YUMQZZPRSA-L,224.169,-769.7014152554007,-73.64482933085935
319,754,JSJWCHRYRHKBBW-UHFFFAOYSA-M,131.112,-464.05840467082646,-102.66450977929149
320,755,YEMKIGUKNDOZEG-UHFFFAOYSA-M,123.024,-962.8820616221815,-48.59576352468179
321,764,GTZCVFVGUGFEME-IWQZZHSRSA-K,171.08599999999998,-916.2084285821359,-916.2084285821412
322,767,JRLGPAXAGHMNOL-LURJTMIESA-N,174.2,-485.2867592910902,391.28005653751563
323,779,PKEPPDGGTSZLBL-SKCNUYALSA-N,384.648,-581.5904151369217,3.400882585891475
324,784,JHIVVAPYMSGYDF-UHFFFAOYSA-N,98.145,-122.32967870886333,12.84019583277878
325,785,HXXFSFRBOHSIMQ-QTVWNMPRSA-L,258.12,-1755.0429066170743,-1755.042906617071
326,799,AWQIYVPBMVSGCL-PHDIDXHHSA-N,178.14,-878.9001994571506,-878.9001994571574
327,802,DKZBBWMURDFHNE-NSCUHMNNSA-N,178.187,-306.0792166392529,13.885773752784479
328,806,DQQDLYVHOTZLOR-OKQNPRBNSA-L,534.261,-2989.724254906222,0.06711060589835383
329,807,NQEQTYPJSIEPHW-MNOVXSKESA-L,285.193,-1087.4217458615383,-1087.4217458615396
330,812,ALRHLSYJTWAHJZ-UHFFFAOYSA-M,89.071,-518.4106313974793,-518.4106313974712
331,817,VCWMRQDBPZKXKG-DXNLKLAMSA-N,342.29699999999997,-1656.6790895112756,0.8687614916174332
332,819,JMFRWRFFLBVWSI-NSCUHMNNSA-N,180.203,-333.85076414482495,-13.885773752783873
333,831,WXSKVKPSMAHCSG-UHFFFAOYSA-L,160.082,-954.4291818769746,-954.4291818769692
334,837,FNZLKVNUWIIPSJ-CRCLSJGQSA-L,228.09400000000002,-1598.2076707065567,-1598.2076707065562
335,845,GEJXSVNGWOSZPC-UHFFFAOYSA-N,127.14299999999999,-279.1097230363052,19.78318732786824
336,848,YCWUVLPMLLBDCU-STQMWFEESA-L,470.44699999999995,-697.8927979853613,311.5564737314149
337,851,VYGQUTWHTHXGQB-FFHKNEKCSA-N,524.874,189.85678035491776,-77.7882476561574
338,859,LEVWYRKDKASIDU-IMJSIDKUSA-N,240.29,-666.5474895948144,-666.5474895948139
339,866,VGONTNSXDCQUGY-RRKCRQDMSA-N,252.23,-247.0863904029585,285.4453214909482
340,867,RXMWXENJQAINCC-DMTCNVIQSA-M,191.11599999999999,-1047.9371244455306,23.928080119596803
341,886,RHTAIKJZSXNELN-UHFFFAOYSA-N,113.116,-260.88344847848,196.58717233042185
342,888,PKVVTUWHANFMQC-UHFFFAOYSA-M,145.135,-599.7528515351349,71.69409320613717
343,889,OCYMERZCMYJQQO-UHFFFAOYSA-L,221.17,-899.3727933319017,-637.0627017535325
344,897,YMJBYRVFGYXULK-QZABAPFNSA-M,258.143,-1605.687290335715,-1605.6872903357323
345,903,KDXKERNSBIXSRK-RXMQYKEDSA-O,147.197,-360.05923191645405,153.54549770639403
346,905,VGGSQFUCUMXWEO-UHFFFAOYSA-N,28.054000000000002,81.42194810510313,81.42194810510092
347,928,VPVOXUSPXFPWBN-UHFFFAOYSA-N,237.21900000000002,-444.17887709572597,15.24099741919144
348,940,ZTQSAGDEMFDKMZ-UHFFFAOYSA-N,72.107,-130.17825902107,-130.17825902107512
349,941,HEBKCHPVOIAQTA-QWWZWVQMSA-N,152.14600000000002,-775.9564279536218,-775.9564279536246
350,947,FCCDDURTIIUXBY-SSDOTTSWSA-N,205.33,-90.24020468381246,11.094904548483946
351,951,RDHQFKQIGNGIED-MRVPVSSYSA-N,203.238,-605.6271018200682,-201.60242549890776
352,954,FEWJPZIEWOKRBE-XIXRPRMCSA-L,148.071,-1008.8766126902649,-66.20126249130702
353,978,QHHKKMYHDBRONY-WZZMXTMRSA-J,849.59,-3378.885077644816,-182.55320972438474
354,983,KBDKAJNTYKVSEK-PYHARJCCSA-L,212.095,-1421.4285782691536,-888.8968663752537
355,1011,HDYANYHVCAPMJV-GXNRKQDOSA-K,577.262,-3319.3082695476874,350.68597663614497
356,1023,HPEKPJGPWNSAAV-UHFFFAOYSA-M,141.10299999999998,-552.9011307183935,-27.144927685958326
357,1032,JLEBZPBDRKPWTD-TURQNECASA-O,255.24900000000002,-548.7639113230238,-258.6267844365949
358,1033,DNIAPMSPPWPWGF-UHFFFAOYSA-N,76.095,-337.5059328925753,581.1222745289498
359,1035,PCMORTLOPMLEFB-ONEGZZNKSA-M,223.205,-709.4908244216924,343.8205128665441
360,1049,AGQJQCFEPUVXNK-UHFFFAOYSA-K,296.093,-1656.1992217277912,-637.0627017535343
361,1056,GUBGYTABKSRVRQ-QRZGKKJRSA-N,342.29699999999997,-1580.969363558086,-1580.9693635580838
362,1058,TXXHDPDFNKHHGW-CCAGOZQPSA-L,140.095,-498.6112753464823,27.144927685957196
363,1062,AHLPHDHHMVZTML-SCSAIBSYSA-O,133.17,-371.34690703109624,32.411432028562324
364,1065,SHZGCJCMOBCMKK-JFNONXLTSA-N,164.157,-757.0377578894715,-0.07051037083526751
365,1088,IXZNKTPIYKDIGG-REOHCLBHSA-L,211.067,-1548.798436605953,-1548.7984366059593
366,1095,PPQRONHOSHZGFQ-WDCZJNDASA-L,228.09400000000002,-1597.9501048737968,-1597.9501048737934
367,1101,,42.018,-138.94451297372257,-138.94451297372433
368,1107,XSTXAVWGXDQKEL-UHFFFAOYSA-N,131.38,25.45548702627432,25.455487026275573
369,1116,UQIGQRSJIKIPKZ-GSVOUGTGSA-M,147.107,-780.9170887953064,-221.39379721396605
370,1122,CHDDAVCOAOFSLD-UHFFFAOYSA-L,166.02599999999998,-1294.2502640047992,-1294.2502640048008
371,1138,FBPFZTCFMRRESA-GUCUJZIJSA-N,182.172,-944.7739338372386,-14.210401431195967
372,1141,XFTRTWQBIOMVPK-YFKPBYRVSA-L,146.099,-835.6001477088364,-835.6001477088345
373,1144,VZCYOOQTPOCHFL-UPHRSURJSA-L,114.057,-592.0145328462584,-592.0145328462659
374,1145,HNEGQIOMVPPMNR-NSCUHMNNSA-L,128.084,-594.1939177793214,-594.1939177793242
375,1155,VDYDCVUWILIYQF-CSMHCCOUSA-M,378.38,-1221.401009629396,-27.498349769107136
376,1174,VLYUGYAKYZETRF-SSDOTTSWSA-N,207.35,-112.43001378078756,-11.094904548489124
377,1179,ZAQJHHRNXZUBTE-WVZVXSGGSA-N,150.13,-746.8926554522249,-746.8926554522272
378,1197,XRKBRPFTFKKHEF-DGDBGZAXSA-N,386.353,-1397.1318501547776,-343.82051286654416
379,1256,YSYKRGRSMLTJNL-URARBOGNSA-L,562.315,-2973.06438308987,105.87965027308206
380,1260,BJHIKXHVCXFQLS-UYFOZJQFSA-N,180.15599999999998,-916.31933509965,-916.3193350996504
381,1290,XFTRTWQBIOMVPK-RXMQYKEDSA-L,146.099,-846.2068168633418,-846.2068168633398
382,1292,IZSRJDGCGRAUAR-WDCZJNDASA-M,193.132,-1090.3450550164025,0.6743736406199373
383,1294,MVMSCBBUIHUTGJ-JGQUBWHWSA-L,603.328,-3111.4588930824493,-769.1998576678956
384,1296,OAKJQQAXSVQMHS-UHFFFAOYSA-N,32.046,127.9834743445,127.9834743444995
385,1300,DLRVVLDZNNYCBX-ABXHMFFYSA-N,342.29699999999997,-1576.2147226021964,-1576.2147226022048
386,1308,LXRUAYBIUSUULX-HRFVKAFMSA-M,146.123,-684.537124122671,-684.5371241226707
387,1311,PCEJMSIIDXUDSN-IUYQGCFVSA-O,133.17,-365.40196224547395,38.35637681418856
388,1320,YCFFMSOLUMRAMD-UHFFFAOYSA-L,218.106,-952.6678543250632,-53.465105072031164
389,1321,OIUJHGOLFKDBSU-HTQZYQBOSA-M,224.19299999999998,-621.8195856814452,74.23700024308897
390,1322,XRHGYUZYPHTUJZ-UHFFFAOYSA-M,155.56,-239.46664635480363,-239.46664635480468
391,1332,DDRJAANPRJIHGJ-UHFFFAOYSA-N,113.12,-23.31159081607753,-23.311590816074403
392,1341,CWNDERHTHMWBSI-YFKPBYRVSA-M,220.145,-845.7376441810002,53.46510507203232
393,1347,GLXUWZBUPATPBR-BQBZGAKWSA-L,288.257,-1133.353910118496,48.40770221507788
394,1356,UQZIYBXSHAGNOE-XNSRJBNMSA-N,666.579,-2913.128913079742,-0.8687614916169875
395,1413,SDVXSCSNVVZWDD-LURJTMIESA-K,286.218,-1230.1693145486531,-48.407702215079226
396,1449,GUYHPGUANSLONG-SNAWJCMRSA-N,143.186,-226.69829816152455,177.3263781596289
397,1450,BJEPYKJPYRNKOW-UWTATZPHSA-L,132.072,-849.4986121957023,-849.498612195697
398,1453,HJQWLHMLMCDAEL-ZTGLTYRUSA-I,878.57,-3707.2250307598238,-510.8931628393924
399,1467,QUCHWTCTBHQQDU-SCSAIBSYSA-N,131.131,-474.5261479024081,-70.76780884275053
400,1479,YNOWULSFLVIUDH-UHFFFAOYSA-N,159.185,-423.06622555270457,-19.04154923154079
401,1495,IHXBZDHPKCDGKN-TYHXJLICSA-J,869.63,-3097.669156483939,119.2783133185421
402,1497,UZYFNQCWJLIAKE-ZMIZWQJLSA-L,258.12,-1745.827889889582,-1745.8278898895783
403,1498,PTCIWUZVDIQTOW-XDJBDKDSSA-M,193.132,-1092.2220912534713,0.27822322076766715
404,1511,KNYGWWDTPGSEPD-OTWZMJIISA-L,242.12099999999998,-1588.843925883043,-670.2157184615234
405,1513,JPIJQSOTBSSVTP-STHAYSLISA-M,135.096,-818.9280247193091,-17.679392051143676
406,1526,QQVDJLLNRSOCEL-UHFFFAOYSA-N,125.064,-865.6905345728109,48.595763524681495
407,1556,RWHOZGRAXYWRNX-VFUOTHLCSA-J,336.084,-2595.4984139460635,-2595.49841394607
408,1564,NBSCHQHZLSJFNQ-SVZMEOIVSA-L,258.12,-1754.7387103736671,-1754.7387103736662
409,1576,QZNPNKJXABGCRC-LFRDXLMFSA-N,164.157,-754.2360243682103,2.731223150427178
410,1577,KNYGWWDTPGSEPD-LFRDXLMFSA-L,242.12099999999998,-1602.235143952438,-683.6069365309191
411,1578,QZNPNKJXABGCRC-FUTKDDECSA-N,164.157,-756.896737147798,0.07051037083420711
412,1611,NCYCYZXNIZJOKI-IOUUIBBYSA-N,284.443,308.18835463957043,40.54332662850441
413,1614,CWNNYYIZGGDCHS-UHFFFAOYSA-L,142.111,-587.6898981167435,-152.55706901448337
414,1628,JGSARLDLIJGVTE-MBNYWOFBSA-M,333.38,-450.91833922709384,103.59437568434703
415,1637,CGBYBGVMDAPUIH-ARJAWSKDSA-L,142.111,-587.0542596307944,-151.92143052854374
416,1667,QKEWQOJCHPFEAF-YFKPBYRVSA-O,147.197,-364.6485649820779,148.95616464077233
417,1682,IZFHMLDRUVYBGK-UHFFFAOYSA-L,142.111,-583.9387128093174,-148.805883707059
418,1699,WWMWAMFHUSTZTA-KQYNXXCUSA-I,582.123,-3675.24886847746,-3675.248868477474
419,1721,PWHULOQIROXLJO-UHFFFAOYSA-N,54.93804300000001,5.0185598011960424e-12,1.6160862284345184e-13
420,1729,LLKCTZRWBHOKFF-UHFFFAOYSA-N,102.09299999999999,-279.3457895330439,-3.318923635703077
421,1747,NGDLSXMSQYUVSJ-WHFBIAKZSA-O,147.197,-353.6609691303106,60.35185271962091
422,1786,BZHJMEDXRYGGRV-UHFFFAOYSA-N,62.5,59.66646107882799,59.666461078826075
423,1816,OKLGKGPAZUNROU-YUMQZZPRSA-M,224.19299999999998,-622.0230150539339,74.03357087060911
424,1938,VBUYCZFBVCCYFD-NUNKFHFFSA-M,193.132,-1095.7932846847211,-23.928080119592646
425,1940,ALQNUOMIEBHXQG-CRCLSJGQSA-L,212.095,-1449.8308245060327,-1449.830824506034
426,1974,JYKWMJBUIXNJOG-QEWSFFBISA-I,1067.8,-3987.4032895137416,115.78308364023276
427,1995,QIGJYVCQYDKYDW-LCOYTZNXSA-N,342.29699999999997,-1579.9045694825204,-1579.9045694825265
428,2037,TZPLBTUUWSVGCY-UHFFFAOYSA-L,429.93699999999995,-385.7030718673793,24.492258040080937
429,2089,HNEGQIOMVPPMNR-IHWYPQMZSA-L,128.084,-598.4193017107553,-598.4193017107567
430,2118,BSABBBMNWQWLLU-VKHMYHEASA-N,74.079,-287.54528739426553,631.0829200272557
431,2133,MBLBDJOUHNCFQT-XAMCCFCMSA-N,221.209,-885.4887610268539,159.4990456099294
432,2140,KBPLFHHGFOOTCA-UHFFFAOYSA-N,130.231,-138.29972671551732,-21.121366521863923
433,2209,IAVREABSGIHHMO-UHFFFAOYSA-N,122.12299999999999,-208.17839483218822,13.245354384722717
434,2221,NGHVIOIJCVXTGV-ALEPSDHESA-N,216.26,-482.47398009930896,-150.17570906127355
435,2392,NUJGJRNETVAIRJ-UHFFFAOYSA-N,128.215,-96.05699367178745,21.121366521863767
436,2433,OWBTYPJTUOEWEK-QWWZWVQMSA-N,90.12200000000001,-327.12108203506375,-16.44351529969414
437,2458,OKVJCVWFVRATSG-UHFFFAOYSA-N,124.139,-234.6691036016475,-13.245354384720978
438,2463,WBCJUEJWJADAGR-CRVKRRNDSA-J,887.64,-3336.2257831210195,-119.27831331854634
439,2482,PMMYEEVYMWASQN-QWWZWVQMSA-N,131.131,-501.4451523565793,0.012450489221695336
440,2552,FAASBXNEOGMQHS-BYPYZUCNSA-N,145.158,-474.3646745695372,-60.35185271961311
441,2644,HPXRVTGHNJAIIH-UHFFFAOYSA-N,100.161,-148.01007037442673,-12.840195832782053
442,2646,SXZYCXMUPBBULW-AIHAYLRMSA-N,178.14,-907.2029121696467,-907.2029121696507
443,2647,IMXSCCDUAFEIOE-RITPCOANSA-N,246.267,-575.6993276870913,-118.22870687819982
444,2694,UFAHZIUFPNSHSL-UHFFFAOYSA-N,217.265,-589.4391564173479,249.7183490060549
445,2700,KFZMGEQAYNKOFK-UHFFFAOYSA-N,60.096000000000004,-184.67125682564478,-184.67125682564114
446,2712,CYTYCFOTNPOANT-UHFFFAOYSA-N,165.82,27.600000000001028,27.59999999999966
447,2713,VZGDMQKNWNREIO-UHFFFAOYSA-N,153.81,-45.10000000000094,-45.10000000000001
448,2736,WSLDOOZREJYCGB-UHFFFAOYSA-N,98.95,-72.97805189489966,-72.97805189489976
449,2740,VXPBDCBTMSKCKZ-XQHNHVHJSA-M,351.464,-601.8559034471092,9.091610885811738
450,2763,XGILAAMKEQUXLS-UHFFFAOYSA-M,204.206,-255.4123871970526,-1.4238033569132702
451,2816,LRHPLDYGYMQRHN-UHFFFAOYSA-N,74.123,-171.5229745059717,-171.52297450597146
452,2820,KFUSEUYYWQURPO-UPHRSURJSA-N,96.94,27.810974052549735,27.81097405255062
453,2844,YMWUJEATGCHHMB-UHFFFAOYSA-N,84.93,-66.08902594744796,-66.08902594744995
454,2912,GMVPRGQOIOIIMI-DWKJAMRDSA-M,353.48,-620.0391252187356,-9.091610885811589
455,2930,JKLRIMRKZBSSED-UHFFFAOYSA-N,167.18,-697.357092457266,415.6578065842442
456,2959,UFLHIIWVXFIJGU-ARJAWSKDSA-N,100.161,-75.54737230794132,-21.646393226305282
457,3005,IKCLCGXPQILATA-UHFFFAOYSA-M,155.56,-237.86800844584252,-237.8680084458417
458,3006,FRIWJYNKZPJVRL-QWWZWVQMSA-M,161.134,-777.0107469852888,141.6174604362347
459,3007,PALQXFMLVVWXFD-KODRXGBYSA-M,179.149,-970.5436613411724,-22.90965720436493
460,3025,CNLFCQPCBQQMHK-XINAWCOVSA-M,177.13299999999998,-924.7243469324375,22.909657204365665
461,3026,SCSGVVIUUUPOOJ-GSVOUGTGSA-M,133.08,-783.5692406170239,17.67939205114254
462,3050,ODHCTXKNWHHXJC-GSVOUGTGSA-M,128.108,-461.14911642019206,-461.14911642020394
463,3101,UQPHVQVXLPRNCX-GSVOUGTGSA-N,120.104,-606.04344919071,-1.6939727195771246
464,3112,IZFHEQBZOYJLPK-UHFFFAOYSA-M,207.33,-279.15057859233696,-8.90163877319301
465,3153,FBPFZTCFMRRESA-UNTFVMJOSA-N,182.172,-943.2469114194719,-943.2469114194741
466,3176,CCTIOCVIZPCTGO-BYPYZUCNSA-M,253.175,-1121.9203811457076,-664.4497603368095
467,3360,JBYXPOFIGCOSSB-GOJKSUSPSA-M,279.445,-93.93148203538661,-5.263411821075657
468,3454,YMAWOPBAYDPSLA-UHFFFAOYSA-N,132.119,-520.529847432362,-520.5298474323594
469,3507,QOYUHKALUMVCHB-BYPYZUCNSA-L,348.14599999999996,-1850.888159468645,-417.9226915040028
470,3617,HSHGZXNAXBPPDL-HZGVNTEJSA-N,272.28,-785.9243093493321,-75.50985670809096
471,3644,PBKONEOXTCPAFI-UHFFFAOYSA-N,181.44,60.46646107882684,60.46646107882516
472,3649,OCJBOOLMMGQPQU-UHFFFAOYSA-N,147.0,78.32194810510144,78.32194810510036
473,3684,RAXXELZNTBOGNW-UHFFFAOYSA-N,68.079,169.48564420173165,41.5514478813713
474,3686,FIOHTMQGSFVHEZ-UHFFFAOYSA-M,160.15,-647.0065256143157,-647.0065256143155
475,3718,CDUUKBXTEOFITR-UHFFFAOYSA-N,119.12,-512.7417317129625,-512.741731712961
476,3723,KDVFRMMRZOCFLS-UHFFFAOYSA-M,115.109,-460.4007791265838,-460.40077912659103
477,3741,ZPJHINFPRQWKIH-UHFFFAOYSA-L,431.95300000000003,-434.6875879475467,-24.4922580400816
478,3747,LULAYUGMBFYYEX-UHFFFAOYSA-M,155.559,-245.96713649575193,-245.9671364957508
479,3789,UGKYJAWJZICPEX-UHFFFAOYSA-M,144.107,-595.8561362581448,-595.8561362581439
480,3909,MVPPADPHJFYWMZ-UHFFFAOYSA-N,112.56,102.27743513137624,102.27743513137534
481,3930,LJCWONGJFPCTTL-SSDOTTSWSA-N,167.16400000000002,-429.99755324259445,-46.58133337691982
482,3970,TVISEJUYYBUVNV-UHFFFAOYSA-L,123.98899999999999,-1236.0968636598595,-598.7052509817023
483,4004,DQQLZADYSWBCOX-REOHCLBHSA-M,157.106,-615.4832624298251,-615.483262429831
484,4070,QDSLHWJDSQGPEE-WCTZXXKLSA-L,299.173,-1726.39472443354,-263.74611379491205
485,4074,VIHYIVKEECZGOU-UHFFFAOYSA-N,110.116,86.38274843899356,-41.55144788137042
486,4131,UTYVDVLMYQPLQB-UHFFFAOYSA-M,192.195,-344.03778042082723,-121.82333654742975
487,4136,UUZLOPBEONRDRY-UHFFFAOYSA-L,195.072,-1102.2011698281951,-1102.2011698282092
488,4149,MVKRISPIRVEPFM-UHFFFAOYSA-N,196.122,-428.1421713584345,-14.94203083414015
489,4187,RAHZWNYVWXNFOC-UHFFFAOYSA-N,64.06,-300.7000000000002,-300.7000000000002
490,4225,VRZJGNXBSRQZGM-UHFFFAOYSA-M,195.115,-398.25810969015043,14.942030834140068
491,4377,LGEQQWMQCRIYKG-DOFZRALJSA-N,347.543,119.09252948042584,98.99340598986858
492,4400,HEDRZPFGACZZDS-UHFFFAOYSA-N,119.37,-66.544512973726,-66.54451297372474
493,4401,NEHMKBQYUWJMIP-UHFFFAOYSA-N,50.49,-52.73353892117678,-52.7335389211743
494,4521,JOYGYOHHMWVUFM-UHFFFAOYSA-L,245.15,-1528.6727056257532,-415.6578065842414
495,4620,YYLQUHNPNCGKJQ-NCGGTJAESA-M,148.095,-846.1921334608076,96.48321673815171
496,4643,LGXVIGDEPROXKC-UHFFFAOYSA-N,96.94,32.21097405254884,32.210974052550256
497,4695,NSTREUWFTAOOKS-UHFFFAOYSA-M,139.106,-398.66789675633913,-398.6678967563391
498,4851,FYGDTMLNYKFZSV-ZWSAEMDYSA-N,504.43800000000005,-2244.86355004337,-2244.8635500433684
499,4983,FDJKUWYYUZCUJX-PGIATKPXSA-M,324.263,-1517.0860552071108,-236.5389311294009
500,5184,BBYDXOIZLAWGSL-UHFFFAOYSA-M,139.106,-388.1660222564553,-388.16602225645704
501,5400,BDERNNFJNOPAEC-UHFFFAOYSA-N,60.096000000000004,-175.85610378980024,-175.85610378979987
502,5465,DLRVVLDZNNYCBX-LIZSDCNHSA-N,342.29699999999997,-1586.6358836858985,-1586.6358836859006
503,5713,MXNBDFWNYRNIBH-UHFFFAOYSA-M,139.106,-393.1674184492063,-393.1674184492075
504,6927,ROHFNLRQFUQHCH-RXMQYKEDSA-N,131.175,-348.68699575721456,-348.6869957572129
505,6935,BJHIKXHVCXFQLS-PUFIMZNGSA-N,180.15599999999998,-911.443822595985,-0.24615004295607243
506,6982,XEKOWRVHYACXOJ-UHFFFAOYSA-N,88.10600000000001,-337.6561037898004,-337.65610378979926
507,7631,UOCLXMDMGBRAIB-UHFFFAOYSA-N,133.4,-69.03353892117754,-69.03353892117507
508,7632,SCYULBFZEHDVBN-UHFFFAOYSA-N,98.95,-68.67805189490039,-68.67805189489988
509,7633,GBDZXPJXOMHESU-UHFFFAOYSA-N,215.88,55.81097405255232,55.81097405255025
510,7798,WTIIULQJLZEHGZ-AWFVSMACSA-L,160.126,-829.7447701502554,-394.61194104801064
511,7804,ATCRIUVQKHMXSH-UHFFFAOYSA-M,190.0,-276.42349547211796,-276.42349547211717
512,8576,,28.01,-119.90000000000022,-119.90000000000018
513,8601,HRYZWHHZPQKTII-UHFFFAOYSA-N,64.51,-36.822564868624404,-36.82256486862482
514,9025,OTMSDBZUPAUEDD-UHFFFAOYSA-N,30.069000000000003,-17.467077842349457,-17.467077842349706
515,9409,JCQLYHFGKNRPGE-FCVZTGTOSA-N,342.29699999999997,-1576.2758600064328,-1576.275860006434
516,9721,,,44.28661499999695,44.28661500000002
517,9903,,,-44.286615000003195,-44.286615000000005
518,10402,RELMFMZEBKVZJC-UHFFFAOYSA-N,181.44,71.66646107882451,71.66646107882526
519,10403,CFXQEHVMCRXUSD-UHFFFAOYSA-N,147.42,-100.52256486862507,-100.5225648686249
520,10404,JHBKHLUZVFWLAG-UHFFFAOYSA-N,215.892,53.51097405255026,53.51097405255027
521,10405,RFFLAFLAYFXFSW-UHFFFAOYSA-N,147.0,84.32194810510114,84.32194810510056
522,10412,ZPQOPVIELGIULI-UHFFFAOYSA-N,147.0,81.82194810510018,81.82194810510039
523,10511,QVTQYSFCFOGITD-UHFFFAOYSA-M,190.00400000000002,-278.7235491153531,-278.7235491153528
524,10530,XRXMNWGCKISMOH-UHFFFAOYSA-M,200.01,-209.46793070156346,-209.46793070156286
525,10559,CJNZAXGUTKBIHP-UHFFFAOYSA-M,247.0105,-146.46790274444157,-146.46790274444166
526,10660,VPHHJAOJUJHJKD-UHFFFAOYSA-M,190.00400000000002,-264.22255034967077,-264.2225503496697
527,10929,SRBFZHDQGSBBOR-AGQMPKSLSA-N,150.13,-749.4250360515156,-749.4250360515135
528,11086,XIURVHNZVLADCM-IUODEOHRSA-M,395.42,-819.8943073525734,75.50985670809138
529,11219,GZCGUPFRVQAUEE-ARQDHWQXSA-N,180.15599999999998,-908.1106720432589,3.087000509768507
530,11228,AIQDYKMWENWVQJ-AQKNRBDQSA-K,271.095,-1928.3271480029773,-702.4683704237448
531,21310,QVLAWKAXOMEXPM-UHFFFAOYSA-N,167.84,-77.78902594745038,-77.78902594745006
532,21316,QPFMBZIOSGYJDE-UHFFFAOYSA-N,167.84,-88.88902594745042,-88.88902594745021
533,21317,UBOXGVDOUJQMTN-UHFFFAOYSA-N,133.4,-77.63353892117503,-77.63353892117489
534,21358,QZYNWJQFTJXIRN-UHFFFAOYSA-N,215.892,49.21097405255085,49.210974052550284
535,21443,KNKRKFALVUDBJE-UHFFFAOYSA-N,112.98,-79.86707784235043,-79.86707784234986
536,21539,XKEFYDZQGKAQCN-UHFFFAOYSA-N,181.447,56.76646107882558,56.766461078825216
537,23671,MRUDNSFOFOQZDA-UHFFFAOYSA-M,190.00400000000002,-262.62363206702787,-262.6236320670281
538,25364,GXANMBISFKBPEX-ONEGZZNKSA-N,98.145,-32.254585855332984,21.646393226305413
539,26143,TUXYZHVUPGXXQG-UHFFFAOYSA-M,200.01,-196.26674734434545,-196.26674734434494
540,26326,GHICCUXQJBDNRN-UHFFFAOYSA-M,247.0105,-141.26671445279405,-141.26671445279356
541,27863,YNZQCBXDUUGFIX-UHFFFAOYSA-N,237.38299999999998,-275.55240890447294,-5.303469085332551
542,29038,GZCGUPFRVQAUEE-BGPJRJDNSA-N,180.15599999999998,-914.0385230198387,-2.840850466812817
543,29047,VFRROHXSMXFLSN-KVTDHHQDSA-L,258.12,-1759.2650282531492,-1759.2650282531492
544,29687,ZAQJHHRNXZUBTE-NQXXGFSBSA-N,150.13,-740.6277737943143,-740.6277737943149
545,33085,IJDNQMDRQITEOD-UHFFFAOYSA-N,58.123999999999995,-0.24512973724961168,-0.2451297372494585
546,33905,"CGPHZDRCVSLMCF-JZMIEXBBSA-N
",565.318,-2929.122102016521,-491.09612961251423
547,36135,YTBSYETUWUMLBZ-IUYQGCFVSA-N,120.104,-603.6075608782868,0.741915592844674
548,36159,AEMOLEFTQBMNLQ-YMDCURPLSA-M,193.132,-1091.693802297651,-0.6743736406199908
549,41023,DCDRZWPLOLPDAK-UUOKFMHZSA-L,538.173,-3553.8876769244216,-1211.6286415098593
550,42488,KSWRTSFNOKOHBE-BIAPBZAGSA-N,237.208,-1044.0081929483104,236.53893112940338
551,43314,CKAPSXZOOQJIBF-UHFFFAOYSA-N,284.77,46.00000000000023,46.00000000000009
552,43316,VHHHONWQHHHLTI-UHFFFAOYSA-N,236.72,-49.599999999999156,-49.60000000000006
553,43842,ZRPDXDBGEYHEBJ-UHFFFAOYSA-N,135.119,-666.9940444870676,-72.2771003123298
554,44860,DLRVVLDZNNYCBX-RTPHMHGBSA-N,342.29699999999997,-1585.360650661882,-1585.3606506618844
555,45839,BJHIKXHVCXFQLS-OTWZMJIISA-N,180.15599999999998,-913.4103806943505,-913.4103806943491
556,46145,UQPHVQVXLPRNCX-VKHMYHEASA-N,120.104,-603.3832676422351,-43.859976060893544
557,46934,GSDBGCKBBJVPNC-UHFFFAOYSA-N,270.182,-1015.0427764606417,417.92269150400534
558,49832,BRGMHAYQAZFZDJ-RTRLPJTCSA-L,299.173,-1728.6011090777486,-265.9524984391177
559,59027,CEOCDNVZRAIOQZ-UHFFFAOYSA-N,250.32,45.65548702627506,45.655487026275146
560,59029,BNIXVQGCZULYKV-UHFFFAOYSA-N,202.28,-68.24451297372629,-68.244512973725
561,59087,OFBQJSOFQDEBGM-UHFFFAOYSA-N,72.1488,9.26584431530127,9.265844315300697
562,63823,ATUOYWHBWRKTHZ-UHFFFAOYSA-N,44.097,-7.356103789799133,-7.356103789799482
563,65990,"AAWZDTNXLSGCEK-WYWMIBKRSA-N
",192.167,-1017.5371055317838,-135.03765326973547
564,66384,"HEBKCHPVOIAQTA-ZXFHETKHSA-N
",152.14600000000002,-777.312491276465,-777.3124912764613
565,72126,SMJRBWINMFUUDS-UHFFFAOYSA-M,141.16,-260.499568127531,-75.5098567080932
566,72644,PMMYEEVYMWASQN-DMTCNVIQSA-N,131.131,-501.47005333502256,-0.012450489221694094
567,74378,WHUUTDBJXJRKMK-VKHMYHEASA-M,146.123,-691.9452983773509,-691.945298377352
568,74380,RWSOTUBLDIXVET-UHFFFAOYSA-M,33.07,11.56537908565106,11.56537908565093
569,74381,HXXFSFRBOHSIMQ-GASJEMHNSA-L,258.12,-1755.1572888306407,-1755.1572888306362
570,74383,"MSTNYGQPCMXVAQ-RYUDHWBXSA-N
",445.436,-805.4979093526281,-72.07550353317981
571,74384,PEDCQBHIVMGVHV-UHFFFAOYSA-N,92.094,-493.68917457848784,-493.68917457848636
572,74392,ODBLHEXUDAPZAU-UHFFFAOYSA-K,189.101,-1155.4608992849676,-1155.4608992849676
573,74395,AHLPHDHHMVZTML-BYPYZUCNSA-O,133.17,-361.66934891781676,95.80127189108529
574,74408,HSCJRCZFDFQWRP-ABVWGUQPSA-L,564.2869999999999,-3143.0134072696947,-698.8779386650981
575,74429,"FZLJPEPAYPUMMR-RTRLPJTCSA-N
",301.188,-1723.9963944228443,-261.34778378421396
576,74434,MZFOKIKEPGUZEN-IBNUZSNCSA-I,862.57,-3533.1959267066754,-336.86405878625163
577,74443,HWXBTNAVRSUOJR-VKHMYHEASA-L,146.099,-840.2265410116892,-840.2265410116895
578,74447,MVMSCBBUIHUTGJ-LRJDVEEWSA-L,603.328,-3107.0903632435834,-764.8313278290195
579,74448,"NRXIKWMTVXPVEF-BYPYZUCNSA-N
",174.15599999999998,-584.2644159930563,-308.23755009571875
580,74455,GACTWZZMVMUKNG-KVTDHHQDSA-L,260.13599999999997,-1788.1999650144876,-1788.1999650144849
581,74456,DRBBFCLWYRJSJZ-UHFFFAOYSA-L,209.09900000000002,-1075.2673433952934,-1075.2673433952962
582,74457,OVPRPPOVAXRCED-NQXXGFSBSA-K,255.09599999999998,-1766.8871268695523,-1766.887126869555
583,74493,MYNHYKDPSRPBNZ-UHFFFAOYSA-N,155.134,-334.0283567789713,-136.25472960373557
584,74537,FEMXZDUTFRTWPE-UHFFFAOYSA-N,239.235,-474.66087193411386,-15.240997419190577
585,74603,PYMYPHUHKUWMLA-VPENINKCSA-N,150.13,-750.2168303460427,-750.216830346045
586,74855,BJHIKXHVCXFQLS-PQLUHFTBSA-N,180.15599999999998,-916.3531309748463,14.21040143119781
587,75150,XEEYBQQBJWHFJM-UHFFFAOYSA-N,55.845,-4.614332453725564e-13,1.3282137476847669e-14
588,75274,YTBSYETUWUMLBZ-QWWZWVQMSA-N,120.104,-603.3974193443929,0.9520571267361002
589,75409,SZJRUBWOVDTKNI-UHFFFAOYSA-N,322.4,-14.37185579391114,-14.37185579390732
590,81378,LSNNMFCWUKXFEE-UHFFFAOYSA-L,80.06,-525.337231312886,-525.3372313128846
591,82768,HXYVTAGFYLMHSO-UHFFFAOYSA-N,299.499,-229.7154290356259,-71.15711151611244
592,88364,FFFHZYDWPBMWHY-VKHMYHEASA-N,135.18,-342.79162772789675,-6.102068462245013
593,88414,UIVJXHWSIFBBCY-OZZQZGJZSA-M,546.339,-2684.7967054806413,49.880650441261835
594,116484,RHKKZBWRNHGJEZ-VRPWFDPXSA-L,258.12,-1760.8825791889462,-1760.8825791889494
595,120404,KFUSEUYYWQURPO-OWOJBTEDSA-N,96.94,32.010974052550004,32.010974052550225
596,122520,LSQZJLSUYDQPKJ-NJBDSQKTSA-N,365.4,-669.1331575267955,46.58133337691646
597,125172,"BGWGXPAPYGQALX-VRPWFDPXSA-N
",260.135,-1760.037651783274,-1760.0376517832738
598,128996,FIKAKWIAUPDISJ-UHFFFAOYSA-L,257.16,354.2188424433712,58.46176680329798
599,130512,KJZHLKZXRSCVKH-UHFFFAOYSA-P,190.2836,237.2953088367745,-58.46176680329797
600,131778,FPIPGXGPPPQFEQ-OVSJKPMPSA-N,286.459,272.04276796521236,4.397739954145081
601,131807,MZFOKIKEPGUZEN-FBMOWMAESA-I,862.57,-3524.5485665022566,106.91613052040208
602,132889,UWYVPFMHMJIBHE-UPHRSURJSA-L,130.056,-787.4072450959029,-787.407245095905
603,134910,YHRUOJUYPBUZOS-UHFFFAOYSA-N,112.986,-80.3670778423501,-80.36707784234999
604,134961,VFWCMGCRMGJXDK-UHFFFAOYSA-N,92.56700000000001,-31.80061676352487,-31.800616763524644
605,134963,SNMVRZFUUCLYTO-UHFFFAOYSA-N,78.541,-44.71159081607402,-44.711590816074725
606,473252,SQCZQTSHSZLZIQ-UHFFFAOYSA-N,106.594,-29.5896427109754,-29.589642710974445
607,557745,"BTNMPGBKDVTSJY-UHFFFAOYSA-N
",164.16,-307.53601055405863,-307.5360105540615
608,691160,GHOKWGTUZJEAQD-UHFFFAOYSA-M,218.23,-778.1247400576077,-106.67779531632718
609,691168,WQQSIXKPRAUZJL-UGDNZRGBSA-L,420.26099999999997,-2419.659094692228,-2419.6590946922333
610,691174,BZCOSCNPHJNQBP-OWOJBTEDSA-L,146.055,-964.0694206273498,-21.3940704283915
611,691207,OEJZZCGRGVFWHK-UHFFFAOYSA-K,203.128,-1149.6833835880554,-279.27998768058796
612,691214,AGBQKNBQESQNJD-UHFFFAOYSA-M,205.31,-256.0438319606412,14.205107858498668
613,691217,AFENDNXGAFYKQO-VKHMYHEASA-M,103.098,-506.30043983360247,-506.3004398335931
614,691273,TZCZUVPSFJZERP-UHFFFAOYSA-L,198.06799999999998,-1438.3244210182054,-1438.324421018196
615,691343,XUYPXLNMDZIRQH-UHFFFAOYSA-M,190.24,-444.15699980894186,-63.07353122324955
616,691406,JHEDABDMLBOYRG-WRAWDCBKSA-L,531.305,-2600.134999440465,0.3381018093783305
617,691491,JHEDABDMLBOYRG-AFDCTPMMSA-L,531.305,-2600.81120305922,-0.33810180937751433
618,694312,"QAOJBHRZQQDFHA-UHFFFAOYSA-N
",191.01,-269.72353968515625,-269.72353968515625
619,694313,"CXKCZFDUOYMOOP-UHFFFAOYSA-N
",191.01,-273.5229707005416,-273.522970700542
620,694314,"CGFDSIZRJWMQPP-UHFFFAOYSA-N
",225.45,-293.37906468849036,-293.3790646884904
621,694315,"ICUICNRYLHKQGS-UHFFFAOYSA-N
",225.45,-281.57835756676974,-281.5783575667696
622,694316,"VOIZNVUXCQLQHS-UHFFFAOYSA-N
",201.019,-202.96706332339423,-202.96706332339426
623,694317,"KVBWBCRPWVKFQT-UHFFFAOYSA-N
",248.019,-144.0670377881282,-144.0670377881282
624,694318,"IFXKXCLVKQVVDI-UHFFFAOYSA-N
",171.58,-215.50788991168278,-215.50788991168278
625,694319,"NKBASRXWGAGQDP-UHFFFAOYSA-N
",172.56,-408.86808561240525,-408.86808561240525
626,694320,"CSAPESWNZDOAFU-UHFFFAOYSA-N
",170.59,-237.05642713019455,-237.05642713019455
627,694321,"BSPCSKHALVHRSR-UHFFFAOYSA-N
",92.57,-45.6006167635245,-45.6006167635245
628,694322,"LGHYUXIXXNHKSE-UHFFFAOYSA-N
",76.118,77.3106823707135,77.3106823707135
629,694323,"KPVQNXLUPNWQHM-UHFFFAOYSA-O
",663.449,-2206.1313918892674,-8.046740068789218
630,694324,"CIWXCGUGRDQCHH-UHFFFAOYSA-N
",664.4580000000001,-2190.0379117517246,8.046740068755296
