,mass,compound_id,inchi_key,formation_energy_cc
0,662.422,11,BAWFJGJZGIEFAR-NNYOXOHSSA-M,-2256.5596506864727
1,663.431,13,BOPGDPNILDQYTO-NNYOXOHSSA-L,-2231.3487632130764
2,740.3860000000001,8,XJLXINKUBYWONI-NNYOXOHSSA-K,-3096.3550290340354
3,741.3939999999999,9,ACFIXJIJDZMPPO-NNYOXOHSSA-J,-3067.684300996334
4,,168,,-19.875909999998797
5,,161,,19.875910000007554
6,318.413,167,"SQQWBSBBCSFQGC-JLHYYAGUSA-N
",-328.7287532947421
7,320.42900000000003,191,"RNUCUWWMTTWKAH-JLHYYAGUSA-N
",-430.40227490696236
8,308.421,158,"PTWSIIUEOFZCHW-NTCAYCPXSA-N
",63.56070706505291
9,310.437,421,"CZHYZLLLSCZMRL-NTCAYCPXSA-N
",-2.0184472503042734
10,783.5419999999999,35,IMGVNJNCCGXBHD-UYBVJOGSSA-K,-2176.307652860502
11,785.558,40,YPZRHBJKEMOYQH-UYBVJOGSSA-L,-2253.8381304972672
12,,9721,,44.28661499999695
13,,9903,,-44.286615000003195
14,454.333,112,ANKZYBDXHMZBDK-SCRDCRAPSA-K,-1318.988903178526
15,456.349,196,YTNIXZGTHTVJBW-SCRDCRAPSA-L,-1398.5685133927552
16,320.38,140,DDQYFSWAPPTJDD-UHFFFAOYSA-N,14.371855793906688
17,322.4,75409,SZJRUBWOVDTKNI-UHFFFAOYSA-N,-14.37185579391114
18,768.561,352,BEUZRXRCQLIWPE-NALJQGANSA-I,-2589.240199975317
19,771.584,494,IXPYGZIWHPPILV-NALJQGANSA-J,-2599.5398277003146
20,257.16,128996,FIKAKWIAUPDISJ-UHFFFAOYSA-L,354.2188424433712
21,190.2836,130512,KJZHLKZXRSCVKH-UHFFFAOYSA-P,237.2953088367745
22,78.13,703,IAZDPXIOMUYVGZ-UHFFFAOYSA-N,39.14454615811243
23,62.13,423,QMMFVYPAHWMCMS-UHFFFAOYSA-N,8.269346158120289
24,75.111,416,UYPYRKYUKCHHIB-UHFFFAOYSA-N,102.19678237071213
25,60.119,333,GETQZCLCWQTVFV-UHFFFAOYSA-O,37.17142198173623
26,18.015,5,XLYOFNOQVPJJNP-UHFFFAOYSA-N,-238.55617503547182
27,503.151,6,ZKHQWZAMYRWXGA-KQYNXXCUSA-J,-2814.2495044446373
28,31.998,7,MYMOFIZGZYHOMD-UHFFFAOYSA-N,16.399999999864935
29,424.18,10,XTWYTFMLZFPYCI-KQYNXXCUSA-K,-1945.9080966438835
30,95.979,12,NBIIXXVUZAFLBC-UHFFFAOYSA-L,-1093.4759118859688
31,44.00899999999999,16,CURLTUGMZLYLDI-UHFFFAOYSA-N,-386.00000000000193
32,174.95,14,XPPKVPWEQAFLFU-UHFFFAOYSA-K,-1973.117536853148
33,18.038,18,QGZKDVFQNNGYKY-UHFFFAOYSA-O,-82.43285094891796
34,345.209,17,UDMBCSSLTHHNCD-KQYNXXCUSA-L,-1032.8474369472112
35,87.055,25,LCTONWCANYUPML-UHFFFAOYSA-M,-466.87234814751037
36,55.845,75150,XEEYBQQBJWHFJM-UHFFFAOYSA-N,-4.614332453725564e-13
37,146.123,74378,WHUUTDBJXJRKMK-VKHMYHEASA-M,-691.9452983773509
38,144.083,22,KPGXRSRHYNQIFN-UHFFFAOYSA-L,-790.7078871344635
39,34.014,24,MHAJPDPJQMAIIY-UHFFFAOYSA-N,-133.98888208428545
40,180.15599999999998,43,WQZGKKKJIJFFOK-GASJEMHNSA-N,-916.2165553129199
41,59.045,28,QTBSBXVTEAMEQO-UHFFFAOYSA-M,-367.7654535816884
42,54.93804300000001,1721,PWHULOQIROXLJO-UHFFFAOYSA-N,5.0185598011960424e-12
43,130.056,48,KHPXUQMNIQBQEV-UHFFFAOYSA-L,-793.1136501576995
44,75.067,31,DHMQDGOQFOQNFH-UHFFFAOYSA-N,-379.06970893659593
45,89.094,34,QNAYBMKLOCPYGJ-REOHCLBHSA-N,-366.79184145735667
46,116.073,27,KDYFGRWQOYBRFD-UHFFFAOYSA-L,-678.3148273855205
47,73.028,66,HHLFWLYXYJOTON-UHFFFAOYSA-M,-470.94114700121327
48,132.096,44,CKLJMWTZIZZHCS-REOHCLBHSA-M,-697.2464801425183
49,45.018,41,BDAGIHXWWSANSR-UHFFFAOYSA-M,-347.33787213442645
50,96.06,58,QAOWNCQODCNURD-UHFFFAOYSA-L,-745.1472340182528
51,146.14600000000002,39,ZDXPYRJPNDTMRX-VKHMYHEASA-N,-525.6975847693182
52,105.09299999999999,53,MTCFGRXMJLQNBG-REOHCLBHSA-N,-521.901713806847
53,30.026,56,WSFSSNUMVMOOMR-UHFFFAOYSA-N,-124.04101556712774
54,165.018,70,DTBNBXWJWCWCIK-UHFFFAOYSA-K,-1265.9540386624496
55,204.229,89,QIVBCDIJIAJPQS-VIFPVBQESA-N,-112.0135932323263
56,165.192,91,COLNVLDHVKWLRT-QMMMGPOBSA-N,-207.07272454919698
57,181.19099999999997,73,OUYCCCASQSFEME-QMMMGPOBSA-N,-370.6588671573383
58,44.053000000000004,72,IKHGUXGNUITLKF-UHFFFAOYSA-N,-140.38620218557745
59,260.135,125172,"BGWGXPAPYGQALX-VRPWFDPXSA-N
",-1760.037651783274
60,60.056000000000004,110,XSQUKJJJFZCRTK-UHFFFAOYSA-N,-202.77805101579352
61,46.006,101,IOVCWXUNBOPUCH-UHFFFAOYSA-M,-73.74451297372846
62,34.08,84,NINIDFKCEFEMDL-UHFFFAOYSA-N,4.04192701751359e-12
63,342.29699999999997,159,CZMRCDWAGMRECN-UGDNZRGBSA-N,-1569.1509028855517
64,258.12,152,NBSCHQHZLSJFNQ-GASJEMHNSA-L,-1762.5671988501379
65,170.058,64,AWUCVROLDVIAJX-GSVOUGTGSA-L,-1338.1294251029356
66,80.06,81378,LSNNMFCWUKXFEE-UHFFFAOYSA-L,-525.337231312886
67,180.15599999999998,1260,BJHIKXHVCXFQLS-UYFOZJQFSA-N,-916.31933509965
68,121.15,55,XUJNEKJLAYXESH-REOHCLBHSA-N,-338.86933339132
69,258.12,74381,HXXFSFRBOHSIMQ-GASJEMHNSA-L,-1755.1572888306407
70,168.042,74,GNGACRATGGDKBX-UHFFFAOYSA-L,-1294.8833934504212
71,92.094,74384,PEDCQBHIVMGVHV-UHFFFAOYSA-N,-493.68917457848784
72,228.09400000000002,109,KTVPXOYAKDPRHY-SOOFDHNKSA-L,-1597.37361343416
73,168.042,71,LXJXRIRHZLFYRP-VKHMYHEASA-L,-1289.3363843557324
74,385.029,86,PQGCEDQWHSBAJP-TXICZTDVSA-I,-3332.7034069516926
75,150.13,229,HMFHBZSHGGEWLO-SOOFDHNKSA-N,-743.3561057168212
76,114.057,88,VZCYOOQTPOCHFL-OWOJBTEDSA-L,-598.4456411334903
77,131.175,132,ROHFNLRQFUQHCH-YFKPBYRVSA-N,-348.6869957572076
78,180.15599999999998,369,WQZGKKKJIJFFOK-PHYPRBDBSA-N,-909.2784439578962
79,32.042,149,OKKJLVBELUTLKV-UHFFFAOYSA-N,-175.27805189491116
80,135.13,160,GFFGJBXGBJISGV-UHFFFAOYSA-N,308.3986848991304
81,132.072,92,BJEPYKJPYRNKOW-REOHCLBHSA-L,-840.4316500484713
82,132.119,139,DCXYFEDJOCDNAF-REOHCLBHSA-N,-526.0410563103158
83,189.101,123,KRKNYBCHXYNGOX-UHFFFAOYSA-K,-1163.0883729932937
84,180.15599999999998,172,WQZGKKKJIJFFOK-QTVWNMPRSA-N,-913.5051074718822
85,75.044,210,AEMRFAOFKBGASW-UHFFFAOYSA-M,-532.6821045808276
86,101.08200000000001,146,WDJHALXBUFZDSR-UHFFFAOYSA-M,-488.3167869552794
87,150.13,74603,PYMYPHUHKUWMLA-VPENINKCSA-N,-750.2168303460427
88,117.148,188,KZSNJWFQEVHDMF-BYPYZUCNSA-N,-358.67757575451367
89,90.07799999999999,438,RXKJFZQQPQGTFL-UHFFFAOYSA-N,-452.0604793932278
90,89.071,169,JVTAAEKCZFNVCJ-REOHCLBHSA-M,-511.4303581252837
91,119.12,134,AYFVYJQAPQTCCC-GBXIJSLDSA-N,-529.3019941845123
92,183.033,118,OSJPPGNTCRNQQC-UWTATZPHSA-K,-1504.5458590331928
93,178.14,321,PHOQVHQSTUBQQK-SQOUGZDYSA-N,-902.8341156361386
94,228.09400000000002,137,FNZLKVNUWIIPSJ-UHNVWZDZSA-L,-1595.3364189925696
95,58.08,377,CSCPPACGZOOCGX-UHFFFAOYSA-N,-160.25192480651103
96,342.29699999999997,157,GUBGYTABKSRVRQ-PICCSMPSSA-N,-1579.3202578914509
97,88.01899999999999,277,MUBZPKHOEPUJKR-UHFFFAOYSA-L,-673.8595685690817
98,267.245,200,OIRDTQYFTABQOQ-KQYNXXCUSA-N,-191.6107667291736
99,150.13,516,SRBFZHDQGSBBOR-ZRMNMSDTSA-N,-745.9395433830274
100,32.065,242,BAVYZALUXZFZLV-UHFFFAOYSA-O,-39.85512583959267
101,425.27,273,IRLPACMLTUPBCL-KQYNXXCUSA-L,-1541.4021509768213
102,138.016,266,LIPOUNRJVLNBCD-UHFFFAOYSA-L,-1224.630375949533
103,129.136,383,BKAJNAXTPSGJCU-UHFFFAOYSA-M,-448.7674640125052
104,262.005,248,LJQLQCAXBUHEAZ-UWTATZPHSA-J,-2354.064001564343
105,28.01,8576,,-119.90000000000022
106,342.29699999999997,343,GUBGYTABKSRVRQ-QKKXKWKRSA-N,-1576.0491524750062
107,62.005,195,NHNBFGGVMKEFGY-UHFFFAOYSA-N,-108.69010794062736
108,87.09899999999999,437,FERIUCNNQQJTOY-UHFFFAOYSA-M,-352.5912469061844
109,180.15599999999998,45839,BJHIKXHVCXFQLS-OTWZMJIISA-N,-913.4103806943505
110,255.423,102,IPCSVZSSVZVIGE-UHFFFAOYSA-M,-259.35855222810017
111,342.29699999999997,44860,DLRVVLDZNNYCBX-RTPHMHGBSA-N,-1585.360650661882
112,195.148,323,RGHNJXZEOKUKBD-SQOUGZDYSA-M,-1128.2794108228463
113,105.07,179,RBNPOMFGQQGHHO-UWTATZPHSA-M,-666.9434398935515
114,136.114,201,FDGQSTZJBFJUBT-UHFFFAOYSA-N,90.24539455905509
115,258.12,29047,VFRROHXSMXFLSN-KVTDHHQDSA-L,-1759.2650282531492
116,2.016,184,UFHFLCQGNIYNRP-UHFFFAOYSA-N,17.610974052546112
117,33.07,74380,RWSOTUBLDIXVET-UHFFFAOYSA-M,11.56537908565106
118,61.016999999999996,60,BVKZGUZCCUSVTD-UHFFFAOYSA-M,-588.2677801563558
119,268.22900000000004,316,UGQMRVRMYYASKQ-KQYNXXCUSA-N,-410.5953677876208
120,131.135,379,CVSVTCORWBXHQV-UHFFFAOYSA-N,-259.1998156991952
121,24.304000000000002,621,JLVVSXFLKOJNIY-UHFFFAOYSA-N,-455.2604317624956
122,150.13,29687,ZAQJHHRNXZUBTE-NQXXGFSBSA-N,-740.6277737943143
123,150.13,567,ZAQJHHRNXZUBTE-WUJLRWPWSA-N,-746.5587801125093
124,189.101,74392,ODBLHEXUDAPZAU-UHFFFAOYSA-K,-1155.4608992849676
125,336.084,396,RNBGYGVWRKECFJ-VRPWFDPXSA-J,-2599.3694050833383
126,168.112,420,LEHOTFFKMJEONL-UHFFFAOYSA-N,-357.5752250843118
127,152.14600000000002,486,HEBKCHPVOIAQTA-SCDXWVJYSA-N,-783.6686076034661
128,182.172,585,FBPFZTCFMRRESA-KVTDHHQDSA-N,-943.7848048307604
129,131.175,218,AGPKZVBTJJNPAG-WHFBIAKZSA-N,-343.86630171095885
130,171.08599999999998,764,GTZCVFVGUGFEME-IWQZZHSRSA-K,-916.2084285821359
131,117.15100000000001,357,SIKJAQJRHWYJAI-UHFFFAOYSA-N,221.08682517265527
132,46.068999999999996,287,LFQSCWFLJHTTHZ-UHFFFAOYSA-N,-179.09451841255708
133,150.13,10929,SRBFZHDQGSBBOR-AGQMPKSLSA-N,-749.4250360515156
134,240.29,859,LEVWYRKDKASIDU-IMJSIDKUSA-N,-666.5474895948144
135,30.006,215,MWUXSHHQAYIFBG-UHFFFAOYSA-N,86.49999999999764
136,46.092,748,ROSDSFDQCJNGOL-UHFFFAOYSA-O,-3.3454636121414967
137,328.20099999999996,230,IVOMOUWHDPKRLL-KQYNXXCUSA-M,-795.1050496566065
138,90.07799999999999,414,MNQZXJOMYWMBOU-VKHMYHEASA-N,-437.0692016723955
139,228.09400000000002,281,YXJDFQJKERBOBM-TXICZTDVSA-L,-1585.6667491434737
140,183.033,261,GXIURPTVHJPJLF-UWTATZPHSA-K,-1500.4259301006387
141,258.12,785,HXXFSFRBOHSIMQ-QTVWNMPRSA-L,-1755.0429066170743
142,260.13599999999997,74455,GACTWZZMVMUKNG-KVTDHHQDSA-L,-1788.1999650144876
143,212.095,1940,ALQNUOMIEBHXQG-CRCLSJGQSA-L,-1449.8308245060327
144,28.014,684,,18.700000000000067
145,113.12,1332,DDRJAANPRJIHGJ-UHFFFAOYSA-N,-23.31159081607753
146,182.172,447,FBPFZTCFMRRESA-JGWLITMVSA-N,-945.4631377180749
147,88.10600000000001,6982,XEKOWRVHYACXOJ-UHFFFAOYSA-N,-337.6561037898004
148,44.013000000000005,549,,104.20000000000017
149,183.05700000000002,359,BZQFBWGGLXLEPQ-REOHCLBHSA-L,-1366.8577695403176
150,89.071,812,ALRHLSYJTWAHJZ-UHFFFAOYSA-M,-518.4106313974793
151,342.29699999999997,187,HDTRYLNUVZCQOY-LIZSDCNHSA-N,-1582.2171192396404
152,260.13599999999997,372,GACTWZZMVMUKNG-SLPGGIOYSA-L,-1792.7473018833787
153,228.09400000000002,1095,PPQRONHOSHZGFQ-WDCZJNDASA-L,-1597.9501048737968
154,258.12,1564,NBSCHQHZLSJFNQ-SVZMEOIVSA-L,-1754.7387103736671
155,160.082,831,WXSKVKPSMAHCSG-UHFFFAOYSA-L,-954.4291818769746
156,256.10400000000004,408,IJOJIVNDFQSGAB-SQOUGZDYSA-L,-1748.8872225398059
157,27.026,241,,119.57050616877278
158,114.057,1144,VZCYOOQTPOCHFL-UPHRSURJSA-L,-592.0145328462584
159,72.107,940,ZTQSAGDEMFDKMZ-UHFFFAOYSA-N,-130.17825902107
160,42.018,1101,,-138.94451297372257
161,16.043,675,VNWKTOKETHGBQD-UHFFFAOYSA-N,-34.37805189490448
162,182.172,3153,FBPFZTCFMRRESA-UNTFVMJOSA-N,-943.2469114194719
163,58.08,715,,51.055487809770334
164,60.096000000000004,2700,KFZMGEQAYNKOFK-UHFFFAOYSA-N,-184.67125682564478
165,132.119,3454,YMAWOPBAYDPSLA-UHFFFAOYSA-N,-520.529847432362
166,128.084,2089,HNEGQIOMVPPMNR-IHWYPQMZSA-L,-598.4193017107553
167,84.93,2844,YMWUJEATGCHHMB-UHFFFAOYSA-N,-66.08902594744796
168,155.56,3005,IKCLCGXPQILATA-UHFFFAOYSA-M,-237.86800844584252
169,139.106,4695,NSTREUWFTAOOKS-UHFFFAOYSA-M,-398.66789675633913
170,139.106,5713,MXNBDFWNYRNIBH-UHFFFAOYSA-M,-393.1674184492063
171,155.56,1322,XRHGYUZYPHTUJZ-UHFFFAOYSA-M,-239.46664635480363
172,139.106,5184,BBYDXOIZLAWGSL-UHFFFAOYSA-M,-388.1660222564553
173,146.099,1290,XFTRTWQBIOMVPK-RXMQYKEDSA-L,-846.2068168633418
174,146.099,74443,HWXBTNAVRSUOJR-VKHMYHEASA-L,-840.2265410116892
175,181.017,514,LFLUCDOSQPJJBE-UHFFFAOYSA-K,-1453.085610514091
176,178.14,2646,SXZYCXMUPBBULW-AIHAYLRMSA-N,-907.2029121696467
177,258.12,318,HXXFSFRBOHSIMQ-FPRJBGLDSA-L,-1751.213803883315
178,32.046,1296,OAKJQQAXSVQMHS-UHFFFAOYSA-N,127.9834743445
179,144.107,3789,UGKYJAWJZICPEX-UHFFFAOYSA-M,-595.8561362581448
180,60.096000000000004,5400,BDERNNFJNOPAEC-UHFFFAOYSA-N,-175.85610378980024
181,103.098,691217,AFENDNXGAFYKQO-VKHMYHEASA-M,-506.30043983360247
182,74.123,2816,LRHPLDYGYMQRHN-UHFFFAOYSA-N,-171.5229745059717
183,28.054000000000002,905,VGGSQFUCUMXWEO-UHFFFAOYSA-N,81.42194810510313
184,190.0,7804,ATCRIUVQKHMXSH-UHFFFAOYSA-M,-276.42349547211796
185,98.95,2736,WSLDOOZREJYCGB-UHFFFAOYSA-N,-72.97805189489966
186,165.82,2712,CYTYCFOTNPOANT-UHFFFAOYSA-N,27.600000000001028
187,131.38,1107,XSTXAVWGXDQKEL-UHFFFAOYSA-N,25.45548702627432
188,96.94,120404,KFUSEUYYWQURPO-OWOJBTEDSA-N,32.010974052550004
189,96.94,2820,KFUSEUYYWQURPO-UPHRSURJSA-N,27.810974052549735
190,62.5,1786,BZHJMEDXRYGGRV-UHFFFAOYSA-N,59.66646107882799
191,153.81,2713,VZGDMQKNWNREIO-UHFFFAOYSA-N,-45.10000000000094
192,64.06,4187,RAHZWNYVWXNFOC-UHFFFAOYSA-N,-300.7000000000002
193,119.37,4400,HEDRZPFGACZZDS-UHFFFAOYSA-N,-66.544512973726
194,96.94,4643,LGXVIGDEPROXKC-UHFFFAOYSA-N,32.21097405254884
195,147.42,10403,CFXQEHVMCRXUSD-UHFFFAOYSA-N,-100.52256486862507
196,167.84,21310,QVLAWKAXOMEXPM-UHFFFAOYSA-N,-77.78902594745038
197,55.843999999999994,104,CWYNVVGOOAEACU-UHFFFAOYSA-N,-78.86043176248562
198,55.843,185,VTLYFUHAOXGGBS-UHFFFAOYSA-N,-4.610971465619617
199,133.4,7631,UOCLXMDMGBRAIB-UHFFFAOYSA-N,-69.03353892117754
200,98.95,7632,SCYULBFZEHDVBN-UHFFFAOYSA-N,-68.67805189490039
201,64.51,8601,HRYZWHHZPQKTII-UHFFFAOYSA-N,-36.822564868624404
202,112.98,21443,KNKRKFALVUDBJE-UHFFFAOYSA-N,-79.86707784235043
203,236.72,43316,VHHHONWQHHHLTI-UHFFFAOYSA-N,-49.599999999999156
204,202.28,59029,BNIXVQGCZULYKV-UHFFFAOYSA-N,-68.24451297372629
205,133.4,21317,UBOXGVDOUJQMTN-UHFFFAOYSA-N,-77.63353892117503
206,112.56,3909,MVPPADPHJFYWMZ-UHFFFAOYSA-N,102.27743513137624
207,147.0,10405,RFFLAFLAYFXFSW-UHFFFAOYSA-N,84.32194810510114
208,147.0,10412,ZPQOPVIELGIULI-UHFFFAOYSA-N,81.82194810510018
209,147.0,3649,OCJBOOLMMGQPQU-UHFFFAOYSA-N,78.32194810510144
210,181.44,10402,RELMFMZEBKVZJC-UHFFFAOYSA-N,71.66646107882451
211,181.44,3644,PBKONEOXTCPAFI-UHFFFAOYSA-N,60.46646107882684
212,181.447,21539,XKEFYDZQGKAQCN-UHFFFAOYSA-N,56.76646107882558
213,215.88,7633,GBDZXPJXOMHESU-UHFFFAOYSA-N,55.81097405255232
214,215.892,21358,QZYNWJQFTJXIRN-UHFFFAOYSA-N,49.21097405255085
215,215.892,10404,JHBKHLUZVFWLAG-UHFFFAOYSA-N,53.51097405255026
216,250.32,59027,CEOCDNVZRAIOQZ-UHFFFAOYSA-N,45.65548702627506
217,284.77,43314,CKAPSXZOOQJIBF-UHFFFAOYSA-N,46.00000000000023
218,155.559,3747,LULAYUGMBFYYEX-UHFFFAOYSA-M,-245.96713649575193
219,191.01,694312,"QAOJBHRZQQDFHA-UHFFFAOYSA-N
",-269.72353968515625
220,190.00400000000002,10511,QVTQYSFCFOGITD-UHFFFAOYSA-M,-278.7235491153531
221,190.00400000000002,23671,MRUDNSFOFOQZDA-UHFFFAOYSA-M,-262.62363206702787
222,190.00400000000002,10660,VPHHJAOJUJHJKD-UHFFFAOYSA-M,-264.22255034967077
223,191.01,694313,"CXKCZFDUOYMOOP-UHFFFAOYSA-N
",-273.5229707005416
224,225.45,694314,"CGFDSIZRJWMQPP-UHFFFAOYSA-N
",-293.37906468849036
225,225.45,694315,"ICUICNRYLHKQGS-UHFFFAOYSA-N
",-281.57835756676974
226,200.01,10530,XRXMNWGCKISMOH-UHFFFAOYSA-M,-209.46793070156346
227,201.019,694316,"VOIZNVUXCQLQHS-UHFFFAOYSA-N
",-202.96706332339423
228,200.01,26143,TUXYZHVUPGXXQG-UHFFFAOYSA-M,-196.26674734434545
229,247.0105,10559,CJNZAXGUTKBIHP-UHFFFAOYSA-M,-146.46790274444157
230,248.019,694317,"KVBWBCRPWVKFQT-UHFFFAOYSA-N
",-144.0670377881282
231,247.0105,26326,GHICCUXQJBDNRN-UHFFFAOYSA-M,-141.26671445279405
232,171.58,694318,"IFXKXCLVKQVVDI-UHFFFAOYSA-N
",-215.50788991168278
233,172.56,694319,"NKBASRXWGAGQDP-UHFFFAOYSA-N
",-408.86808561240525
234,170.59,694320,"CSAPESWNZDOAFU-UHFFFAOYSA-N
",-237.05642713019455
235,50.49,4401,NEHMKBQYUWJMIP-UHFFFAOYSA-N,-52.73353892117678
236,30.069000000000003,9025,OTMSDBZUPAUEDD-UHFFFAOYSA-N,-17.467077842349457
237,167.84,21316,QPFMBZIOSGYJDE-UHFFFAOYSA-N,-88.88902594745042
238,44.097,63823,ATUOYWHBWRKTHZ-UHFFFAOYSA-N,-7.356103789799133
239,78.541,134963,SNMVRZFUUCLYTO-UHFFFAOYSA-N,-44.71159081607402
240,112.986,134910,YHRUOJUYPBUZOS-UHFFFAOYSA-N,-80.3670778423501
241,58.123999999999995,33085,IJDNQMDRQITEOD-UHFFFAOYSA-N,-0.24512973724961168
242,92.56700000000001,134961,VFWCMGCRMGJXDK-UHFFFAOYSA-N,-31.80061676352487
243,92.57,694321,"BSPCSKHALVHRSR-UHFFFAOYSA-N
",-45.6006167635245
244,72.1488,59087,OFBQJSOFQDEBGM-UHFFFAOYSA-N,9.26584431530127
245,106.594,473252,SQCZQTSHSZLZIQ-UHFFFAOYSA-N,-29.5896427109754
246,76.118,694322,"LGHYUXIXXNHKSE-UHFFFAOYSA-N
",77.3106823707135
247,203.128,691207,OEJZZCGRGVFWHK-UHFFFAOYSA-K,-1149.6833835880554
248,158.11,250,FGSBNBBHOZHUBO-UHFFFAOYSA-L,-780.5035949677089
249,454.42400000000004,487,MEANFMOQMXYMCT-OLZOCXBDSA-M,-731.7296014044965
250,471.431,224,AUFGTPPARQZWDO-YPMHNXCESA-L,-934.1948993123397
251,587.3290000000001,532,WFPZSXYXPSUOPY-ROYWQJLOSA-L,-2606.817068267696
252,862.57,87,VNOYUJKHFWYWIR-ITIYDSSPSA-I,-3540.7675729360003
253,847.58,125,OJFDKHTZOUZBOS-CITAKDKDSA-J,-3343.23469448979
254,408.181,354,DAEAPNUQQAICNR-RRKCRQDMSA-K,-1780.150616812457
255,329.21,411,KHWCHTKSEGGWEX-RRKCRQDMSA-L,-869.1568006487919
256,487.152,272,SUYVUBYJARFZHO-RRKCRQDMSA-J,-2645.399504156148
257,258.12,1497,UZYFNQCWJLIAKE-ZMIZWQJLSA-L,-1745.827889889582
258,306.31,57,RWSXRVCMGQZWBV-WDSKDSINSA-M,-938.3551493118948
259,610.61,143,YPZRWBKMTBYPTK-BJDJZHNGSA-L,-1842.1010553634148
260,577.262,82,HDYANYHVCAPMJV-LXQIFKJMSA-K,-3318.211852396232
261,577.262,1011,HDYANYHVCAPMJV-GXNRKQDOSA-K,-3319.3082695476874
262,805.54,23,ZSLZBFCDCINBPY-ZSJPKINUSA-J,-3228.203105273429
263,763.5,15,RGJOEKWQDUBAIZ-IBOSZNHHSA-J,-3087.978873419521
264,286.459,131778,FPIPGXGPPPQFEQ-OVSJKPMPSA-N,272.04276796521236
265,284.443,404,NCYCYZXNIZJOKI-OVSJKPMPSA-N,300.49220908458767
266,663.449,694323,"KPVQNXLUPNWQHM-UHFFFAOYSA-O
",-2206.1313918892674
267,664.4580000000001,694324,"CIWXCGUGRDQCHH-UHFFFAOYSA-N
",-2190.0379117517246
268,791.51,534,SXMOKYXNAPLNCW-GORZOVPNSA-J,-3235.018229616883
269,123.98899999999999,3970,TVISEJUYYBUVNV-UHFFFAOYSA-L,-1236.0968636598595
270,228.09400000000002,837,FNZLKVNUWIIPSJ-CRCLSJGQSA-L,-1598.2076707065567
271,228.09400000000002,176,FNZLKVNUWIIPSJ-RFZPGFLSSA-L,-1598.7021129891962
272,173.145,572,JXOHGGNKMLTUBP-HSUXUTPPSA-M,-777.910747390134
273,171.12900000000002,581,SLWWJZMPHJJOPH-PHDIDXHHSA-M,-750.6420553035937
274,239.235,74537,FEMXZDUTFRTWPE-UHFFFAOYSA-N,-474.66087193411386
275,237.21900000000002,928,VPVOXUSPXFPWBN-UHFFFAOYSA-N,-444.17887709572597
276,209.09900000000002,74456,DRBBFCLWYRJSJZ-UHFFFAOYSA-L,-1075.2673433952934
277,175.125,554,NUCLJNSWZCHRKL-UHFFFAOYSA-M,-642.2830428404933
278,133.084,467,NWZYYCVIOKVTII-SFOWXEAESA-M,-678.5913657547375
279,252.23,866,VGONTNSXDCQUGY-RRKCRQDMSA-N,-247.0863904029585
280,251.24599999999998,594,OLXZPDWKRNYJJZ-RRKCRQDMSA-N,-29.782956963260403
281,862.57,578,MZFOKIKEPGUZEN-AGCMQPJKSA-I,-3533.1959267066823
282,877.65,711,VAAHKRMGOFIORX-IKTBLOROSA-J,-3356.2886841079107
283,875.63,677,NFOYYXQAVVYWKV-HDRQGHTBSA-J,-3317.857118335044
284,306.058,1173,YAHZABJORDUQGO-NQXXGFSBSA-J,
285,849.59,425,QHHKKMYHDBRONY-VKBDFPRVSA-J,-3378.4303838857995
286,365.168,493,KYOBSHFOBAOFBF-XVFCMESISA-K,-1887.920115033576
287,155.09,222,PXQPEWDEAKTCGB-UHFFFAOYSA-M,-583.9663929169244
288,164.157,1065,SHZGCJCMOBCMKK-JFNONXLTSA-N,-757.0377578894715
289,164.157,1578,QZNPNKJXABGCRC-FUTKDDECSA-N,-756.896737147798
290,60.033,701,KXDHJXZQYSOELW-UHFFFAOYSA-M,-377.35547542772906
291,139.004,130,FFQKYPRQEYGKAF-UHFFFAOYSA-L,-1229.0164914802633
292,103.098,489,SJZRECIVHVDYJC-UHFFFAOYSA-M,-482.4312870360318
293,101.08200000000001,163,UIUJIQZEACWQSV-UHFFFAOYSA-M,-465.1920738455312
294,342.29699999999997,817,VCWMRQDBPZKXKG-DXNLKLAMSA-N,-1656.6790895112756
295,504.43800000000005,590,MUPFEKGTMRGPLJ-ZQSKZDJDSA-N,-2241.957081879287
296,180.15599999999998,119,CDAISMWEOUEBRE-GPIVLXJGSA-N,-988.9823042772931
297,666.579,1356,UQZIYBXSHAGNOE-XNSRJBNMSA-N,-2913.128913079742
298,480.10900000000004,113,PGAVKCOVUIYSFO-XVFCMESISA-J,-3359.872112121739
299,301.188,74429,"FZLJPEPAYPUMMR-RTRLPJTCSA-N
",-1723.9963944228443
300,605.34,49,LFTYTUAZOPRMMI-CFRASDGPSA-L,-3115.7376832249556
301,,704,,
302,,4914,,
303,819.57,81,QAQREVBBADEHPA-IEXPHMLFSA-J,-3212.559866534663
304,862.57,131807,MZFOKIKEPGUZEN-FBMOWMAESA-I,-3524.5485665022566
305,504.135,402,HAEJPQIATWHALX-KQYNXXCUSA-J,-3067.7955280225165
306,425.164,472,JPXZQMKKFWMMGK-KQYNXXCUSA-K,-2203.0832848387304
307,175.21099999999998,67,ODKSFYDXXFIFQN-BYPYZUCNSA-O,-296.5891686465263
308,253.175,3176,CCTIOCVIZPCTGO-BYPYZUCNSA-M,-1121.9203811457076
309,283.244,380,NYHBQMYGNKIUIF-UUOKFMHZSA-N,-689.9343456620766
310,151.129,246,UYTPUPDQBNUYGX-UHFFFAOYSA-N,-187.00595961739737
311,103.098,630,WHBMMWSBFZVSSR-GSVOUGTGSA-M,-516.868663412945
312,160.15,3686,FIOHTMQGSFVHEZ-UHFFFAOYSA-M,-647.0065256143157
313,246.267,2647,IMXSCCDUAFEIOE-RITPCOANSA-N,-575.6993276870913
314,89.094,148,QNAYBMKLOCPYGJ-UWTATZPHSA-N,-366.82402181705646
315,242.12099999999998,1577,KNYGWWDTPGSEPD-LFRDXLMFSA-L,-1602.235143952438
316,74.079,2118,BSABBBMNWQWLLU-VKHMYHEASA-N,-287.54528739426553
317,322.16700000000003,77,DJJCXFVJDGTHFX-XVFCMESISA-L,-1575.1711117883629
318,519.15,51,XKMLYUALXHKNFT-UUOKFMHZSA-J,-3324.4908075199282
319,361.208,106,RQFCJASXJCIDSX-UUOKFMHZSA-L,-1539.6867257295476
320,455.43199999999996,173,QYNUQALWYRSVHF-OLZOCXBDSA-L,-716.4388936747772
321,122.12700000000001,204,DFPAKSUCGFBDDF-UHFFFAOYSA-N,-31.510342449834923
322,255.24900000000002,1032,JLEBZPBDRKPWTD-TURQNECASA-O,-548.7639113230238
323,384.41,21,ZJUKTBDSGOFHSH-WFMPWKQPSA-N,-330.5874908033869
324,135.18,88364,FFFHZYDWPBMWHY-VKHMYHEASA-N,-342.79162772789675
325,103.12100000000001,181,BTCSSZJGUNDROE-UHFFFAOYSA-N,-371.3216719073504
326,120.17,3621,PSBDWGZCVUAZQS-UHFFFAOYSA-N,
327,105.13,3626,HGTBAIVLETUVCG-UHFFFAOYSA-M,
328,149.21,61,FFEARJCKVFRZRR-BYPYZUCNSA-N,-318.00993736244345
329,258.12,203,NBSCHQHZLSJFNQ-DVKNGEFBSA-L,-1755.174406745425
330,258.12,484,NBSCHQHZLSJFNQ-VFUOTHLCSA-L,-1756.4891053619046
331,504.43800000000005,53584,ZCLAHGAZPPEVDX-MQHGYYCBSA-N,
332,161.201,233,PHIQHXFUZVPYII-LURJTMIESA-N,-466.8657425612759
333,159.185,1479,YNOWULSFLVIUDH-UHFFFAOYSA-N,-423.06622555270457
334,848.54,42,LTYOQGRJFJAKNA-DVVLENMVSA-I,
335,,858,,
336,,174,,
337,,1168,,
338,220.145,1341,CWNDERHTHMWBSI-YFKPBYRVSA-M,-845.7376441810002
339,218.106,1320,YCFFMSOLUMRAMD-UHFFFAOYSA-L,-952.6678543250632
340,258.143,350,XHMJOUIAFHJHBW-IVMDWMLBSA-M,-1608.2311975972239
341,459.26599999999996,536,OFBHPPMPBOJXRT-DPXQIYNJSA-J,-1636.6128177610408
342,401.13800000000003,20,XCCTYIAWTASOJW-XVFCMESISA-K,-2490.176707977364
343,146.123,313,WHUUTDBJXJRKMK-GSVOUGTGSA-M,-691.3840300574201
344,128.108,3050,ODHCTXKNWHHXJC-GSVOUGTGSA-M,-461.14911642019206
345,156.188,1574,,
346,174.18,363,SEOVTRFCIGRIMH-UHFFFAOYSA-M,
347,445.436,74383,"MSTNYGQPCMXVAQ-RYUDHWBXSA-N
",-805.4979093526281
348,441.405,267,OZRNSSUDZOLUSN-LBPRGKRZSA-L,-762.5306059078393
349,144.107,545,COJBGNAUUSNXHX-UHFFFAOYSA-M,-637.2773735410025
350,564.2869999999999,52,HSCJRCZFDFQWRP-JZMIEXBBSA-L,-3145.9587703078605
351,169.18,398,LXNHXLLTXMVWPM-UHFFFAOYSA-N,-369.1936846086079
352,167.16400000000002,294,RADKZDMFGJYCBB-UHFFFAOYSA-N,-324.71613541339246
353,308.264,214,SQVRNKJHWKZAKO-LUWBGTNYSA-M,-1360.2617726605706
354,221.209,2133,MBLBDJOUHNCFQT-XAMCCFCMSA-N,-885.4887610268539
355,,75269,,
356,,74806,,
357,431.95300000000003,3741,ZPJHINFPRQWKIH-UHFFFAOYSA-L,-434.6875879475467
358,429.93699999999995,2037,TZPLBTUUWSVGCY-UHFFFAOYSA-L,-385.7030718673793
359,224.169,479,FPWMCUPFBRFMLH-XGAOUMNUSA-L,
360,179.15200000000002,145,KKADPXVIOXHVKN-UHFFFAOYSA-M,-470.6215207701651
361,142.111,1614,CWNNYYIZGGDCHS-UHFFFAOYSA-L,-587.6898981167435
362,142.111,1682,IZFHMLDRUVYBGK-UHFFFAOYSA-L,-583.9387128093174
363,160.15,255,OYIFNHCXNCRBQI-BYPYZUCNSA-M,-681.0232091666422
364,333.213,336,DAYLJWODMCOQEW-TURQNECASA-M,-1413.9796613929586
365,386.664,97,HVYWMOMLDIMFJA-DPAQBDIFSA-N,
366,384.648,901,NYOXRYYXRWJDKP-GYKMGIIDSA-N,
367,,74587,,
368,,74418,,
369,,74617,,
370,,74581,,
371,155.157,126,HNDVDQJCIGZPNO-YFKPBYRVSA-N,-173.98660767837913
372,,74586,,
373,,74417,,
374,147.197,75,KDXKERNSBIXSRK-YFKPBYRVSA-O,-360.05923191645843
375,,74589,,
376,,74428,,
377,,74563,,
378,,74409,,
379,333.38,1628,JGSARLDLIJGVTE-MBNYWOFBSA-M,-450.91833922709384
380,216.26,2221,NGHVIOIJCVXTGV-ALEPSDHESA-N,-482.47398009930896
381,135.143,474,WLJVXDMOQOGPHL-UHFFFAOYSA-M,-203.98548301034091
382,342.29699999999997,9409,JCQLYHFGKNRPGE-FCVZTGTOSA-N,-1576.2758600064328
383,285.193,807,NQEQTYPJSIEPHW-MNOVXSKESA-L,-1087.4217458615383
384,289.269,522,KDZOASGQNOPSCU-WDSKDSINSA-M,-909.8985323200855
385,243.21900000000002,320,UHDGCWIWMRVCDJ-XVFCMESISA-N,-518.7592877807394
386,244.203,274,DRTQHJPVMGBUCF-XVFCMESISA-N,-729.6362189730482
387,531.305,691406,JHEDABDMLBOYRG-WRAWDCBKSA-L,-2600.134999440465
388,531.305,691491,JHEDABDMLBOYRG-AFDCTPMMSA-L,-2600.81120305922
389,564.2869999999999,74408,HSCJRCZFDFQWRP-ABVWGUQPSA-L,-3143.0134072696947
390,288.14599999999996,258,JDTUMPKOJBQPKX-GBNDHIKLSA-L,-1910.5447306152305
391,198.06799999999998,245,NGHMDNPXVRFFGS-IUYQGCFVSA-L,-1440.530273904119
392,115.109,3723,KDVFRMMRZOCFLS-UHFFFAOYSA-M,-460.4007791265838
393,420.26099999999997,427,LABSPYBHMPDTEL-LIZSDCNHSA-L,-2430.5687205773147
394,193.132,552,VBUYCZFBVCCYFD-JJYYJPOSSA-M,-1092.9191288503662
395,103.124,3388,,
396,121.116,205,WPYMKLBDIGXBTP-UHFFFAOYSA-M,
397,146.209,745,OIPILFWXSMYKGL-UHFFFAOYSA-N,-286.08485186817643
398,104.17200000000001,85,OEYIOHPDSNJKLS-UHFFFAOYSA-N,-136.18105625730055
399,479.125,63,PCDQPRRSZKQHHS-XVFCMESISA-J,-3143.5452087378762
400,140.055,177,SUHOOTKUPISOBE-UHFFFAOYSA-M,-1041.4999823289886
401,445.23800000000006,428,WVIMUEUQJFPNDK-PEBGCTIMSA-M,-2214.0545878087496
402,217.074,3341,XZKIHKMTEMTJQX-UHFFFAOYSA-L,
403,138.10299999999998,500,BTJIUGUIPKRLHP-UHFFFAOYSA-M,
404,179.149,3007,PALQXFMLVVWXFD-KODRXGBYSA-M,-970.5436613411724
405,177.13299999999998,3025,CNLFCQPCBQQMHK-XINAWCOVSA-M,-924.7243469324375
406,299.173,49832,BRGMHAYQAZFZDJ-RTRLPJTCSA-L,-1728.6011090777486
407,299.173,4070,QDSLHWJDSQGPEE-WCTZXXKLSA-L,-1726.39472443354
408,160.126,7798,WTIIULQJLZEHGZ-AWFVSMACSA-L,-829.7447701502554
409,142.111,1637,CGBYBGVMDAPUIH-ARJAWSKDSA-L,-587.0542596307944
410,345.209,1765,LNQVTSROQXJCDD-KQYNXXCUSA-L,
411,157.106,239,UFIVEPVSAGBUSI-REOHCLBHSA-M,-613.2884670189164
412,174.113,443,HLKXYZVTANABHZ-REOHCLBHSA-L,-813.1444436391133
413,321.183,33,IERHLVCPSMICTF-XVFCMESISA-L,-1360.235311515152
414,400.154,208,ZWIADYZPOWUWEW-XVFCMESISA-K,-2274.0925202024982
415,133.17,1311,PCEJMSIIDXUDSN-IUYQGCFVSA-O,-365.40196224547395
416,131.131,1467,QUCHWTCTBHQQDU-SCSAIBSYSA-N,-474.5261479024081
417,1067.8,1974,JYKWMJBUIXNJOG-QEWSFFBISA-I,-3987.4032895137416
418,224.169,319,WTFXTQVDAKGDEY-HTQZYQBOSA-L,-770.6823277073755
419,112.088,150,ISAKRJDGNUQOIC-UHFFFAOYSA-N,-238.55830010317072
420,258.12,116484,RHKKZBWRNHGJEZ-VRPWFDPXSA-L,-1760.8825791889462
421,342.29699999999997,1056,GUBGYTABKSRVRQ-QRZGKKJRSA-N,-1580.969363558086
422,342.29699999999997,5465,DLRVVLDZNNYCBX-LIZSDCNHSA-N,-1586.6358836858985
423,349.38,129405,BPLBGHOLXOTWMN-MBNYWOFBSA-M,
424,151.142,11974,LCPDWSOZIOUXRV-UHFFFAOYSA-M,
425,205.31,691214,AGBQKNBQESQNJD-UHFFFAOYSA-M,-256.0438319606412
426,237.38299999999998,27863,YNZQCBXDUUGFIX-UHFFFAOYSA-N,-275.55240890447294
427,161.134,3006,FRIWJYNKZPJVRL-QWWZWVQMSA-M,-777.0107469852888
428,148.095,4620,YYLQUHNPNCGKJQ-NCGGTJAESA-M,-846.1921334608076
429,146.055,497,RMHHUKGVZFVHED-UHFFFAOYSA-L,-951.5632340174009
430,346.19300000000004,117,GRSZFWQUAKGDAV-KQYNXXCUSA-L,-1260.519781616824
431,164.157,626,SHZGCJCMOBCMKK-DHVFOXMCSA-N,-759.698470669064
432,164.157,1576,QZNPNKJXABGCRC-LFRDXLMFSA-N,-754.2360243682103
433,878.57,1453,HJQWLHMLMCDAEL-ZTGLTYRUSA-I,-3707.2250307598238
434,147.151,563,OTOIIPJYVQJATP-BYPYZUCNSA-M,-636.4632426311009
435,145.135,888,PKVVTUWHANFMQC-UHFFFAOYSA-M,-599.7528515351349
436,285.122,1126,PJWIPEXIFFQAQZ-PUFIMZNGSA-K,
437,785.678,634,GBMIGEWJAPFSQI-CAFBYHECSA-K,-2275.327510119192
438,773.6669999999999,635,SCBIBGUJSMHIAI-LHIIQLEZSA-K,-2355.009548422408
439,198.06799999999998,691273,TZCZUVPSFJZERP-UHFFFAOYSA-L,-1438.3244210182054
440,146.123,1308,LXRUAYBIUSUULX-HRFVKAFMSA-M,-684.537124122671
441,128.084,1145,HNEGQIOMVPPMNR-NSCUHMNNSA-L,-594.1939177793214
442,114.104,482,OIVLITBTBDPEFK-UHFFFAOYSA-N,-258.7293851122389
443,131.112,754,JSJWCHRYRHKBBW-UHFFFAOYSA-M,-464.05840467082646
444,478.13699999999994,373,NHVNXKFIZYSCEB-XLPZGREQSA-J,-3184.823683636032
445,562.315,1256,YSYKRGRSMLTJNL-URARBOGNSA-L,-2973.06438308987
446,132.072,1450,BJEPYKJPYRNKOW-UWTATZPHSA-L,-849.4986121957023
447,152.14600000000002,66384,"HEBKCHPVOIAQTA-ZXFHETKHSA-N
",-777.312491276465
448,470.44699999999995,848,YCWUVLPMLLBDCU-STQMWFEESA-L,-697.8927979853613
449,174.15599999999998,74448,"NRXIKWMTVXPVEF-BYPYZUCNSA-N
",-584.2644159930563
450,177.13299999999998,419,WPAMZTWLKIDIOP-WVZVXSGGSA-M,-922.250121003792
451,76.095,1033,DNIAPMSPPWPWGF-UHFFFAOYSA-N,-337.5059328925753
452,534.261,806,DQQDLYVHOTZLOR-OKQNPRBNSA-L,-2989.724254906222
453,534.261,270,DQQDLYVHOTZLOR-OCIMBMBZSA-L,-2989.858476118027
454,103.054,371,HHDDCCUIIUWNGJ-UHFFFAOYSA-M,-618.0980210431024
455,457.44800000000004,300,ZNOVTXRBGFNYRX-STQMWFEESA-L,-771.4247143009117
456,103.054,453,QWBAFPFNGRFSFB-UHFFFAOYSA-M,-616.5626785718354
457,333.19,183,JOUIQRNQJGXQDC-ZYUZMQFOSA-L,-1560.8928131701273
458,122.104,260,PVNIIMVLHYAWGP-UHFFFAOYSA-M,-193.40678940584144
459,440.17900000000003,32,QGWNDRXFNXRZMB-UUOKFMHZSA-K,-2453.6322587772274
460,157.106,4004,DQQLZADYSWBCOX-REOHCLBHSA-M,-615.4832624298251
461,147.197,1667,QKEWQOJCHPFEAF-YFKPBYRVSA-O,-364.6485649820779
462,136.131,178,RWZYAGGXGHYGMB-UHFFFAOYSA-M,
463,224.19299999999998,1816,OKLGKGPAZUNROU-YUMQZZPRSA-M,-622.0230150539339
464,117.148,275,KWIUHFFTVRNATP-UHFFFAOYSA-N,
465,103.12100000000001,442,FFDGPVCHZBVARC-UHFFFAOYSA-N,
466,869.63,1495,IHXBZDHPKCDGKN-TYHXJLICSA-J,-3097.669156483939
467,887.64,2463,WBCJUEJWJADAGR-CRVKRRNDSA-J,-3336.2257831210195
468,504.43800000000005,11586,FZWBNHMXJMCXLU-BLAUPYHCSA-N,
469,148.071,954,FEWJPZIEWOKRBE-XIXRPRMCSA-L,-1008.8766126902649
470,271.095,11228,AIQDYKMWENWVQJ-AQKNRBDQSA-K,-1928.3271480029773
471,152.113,165,LRFVTYWOQMYALW-UHFFFAOYSA-N,-114.69131360684412
472,420.26099999999997,691168,WQQSIXKPRAUZJL-UGDNZRGBSA-L,-2419.659094692228
473,207.33,3112,IZFHEQBZOYJLPK-UHFFFAOYSA-M,-279.15057859233696
474,279.445,279,OYHQOLUKZRVURQ-HZJYTTRNSA-M,-83.40465839323828
475,279.445,3360,JBYXPOFIGCOSSB-GOJKSUSPSA-M,-93.93148203538661
476,284.443,1611,NCYCYZXNIZJOKI-IOUUIBBYSA-N,308.18835463957043
477,342.29699999999997,1300,DLRVVLDZNNYCBX-ABXHMFFYSA-N,-1576.2147226021964
478,141.10299999999998,1023,HPEKPJGPWNSAAV-UHFFFAOYSA-M,-552.9011307183935
479,140.095,1058,TXXHDPDFNKHHGW-CCAGOZQPSA-L,-498.6112753464823
480,859.63,708,OINXHIBNZUUIMR-IXUYQXAASA-J,-3116.702652527342
481,849.59,978,QHHKKMYHDBRONY-WZZMXTMRSA-J,-3378.885077644816
482,831.58,202,KFWWCMJSYSSPSK-PAXLJYGASA-J,-3136.0798816770252
483,204.206,2763,XGILAAMKEQUXLS-UHFFFAOYSA-M,-255.4123871970526
484,202.19,297,RSTKLPZEZYGQPY-UHFFFAOYSA-M,-252.56478048322293
485,224.169,751,NTGWPRCCOQCMGE-YUMQZZPRSA-L,-769.7014152554007
486,137.119,664,LOIYMIARKYCTBW-OWOJBTEDSA-M,-85.30591706833434
487,130.231,2140,KBPLFHHGFOOTCA-UHFFFAOYSA-N,-138.29972671551732
488,128.215,2392,NUJGJRNETVAIRJ-UHFFFAOYSA-N,-96.05699367178745
489,100.161,2959,UFLHIIWVXFIJGU-ARJAWSKDSA-N,-75.54737230794132
490,98.145,25364,GXANMBISFKBPEX-ONEGZZNKSA-N,-32.254585855332984
491,161.201,164,PHIQHXFUZVPYII-ZCFIWIBFSA-N,-464.20960712845516
492,217.265,2694,UFAHZIUFPNSHSL-UHFFFAOYSA-N,-589.4391564173479
493,203.238,951,RDHQFKQIGNGIED-MRVPVSSYSA-N,-605.6271018200682
494,169.203,520,NHZMQXZHNVQTQA-UHFFFAOYSA-O,-223.45861280128975
495,284.228,652,UBORTCNDUKBEOP-UUOKFMHZSA-N,-617.2906412371073
496,89.071,271,JVTAAEKCZFNVCJ-UWTATZPHSA-M,-508.30298786758806
497,101.08200000000001,151,TYEYBOSBBBHJIV-UHFFFAOYSA-M,-470.0462266630322
498,990.8610000000001,47581,DJMVHSOAUQHPSN-KZSASMRXSA-N,
499,666.579,2126,LUEWUZLMQUOBSB-AYQJAVFRSA-N,
500,504.43800000000005,691235,FYGDTMLNYKFZSV-DZOUCCHMSA-N,
501,180.15599999999998,6935,BJHIKXHVCXFQLS-PUFIMZNGSA-N,-911.443822595985
502,180.15599999999998,11219,GZCGUPFRVQAUEE-ARQDHWQXSA-N,-908.1106720432589
503,180.15599999999998,29038,GZCGUPFRVQAUEE-BGPJRJDNSA-N,-914.0385230198387
504,190.24,691343,XUYPXLNMDZIRQH-UHFFFAOYSA-M,-444.15699980894186
505,172.077,4537,CMPQUABWPXYYSH-UHFFFAOYSA-L,
506,94.113,302,ISWSIDIOOBJBQZ-UHFFFAOYSA-N,
507,133.17,74395,AHLPHDHHMVZTML-BYPYZUCNSA-O,-361.66934891781676
508,68.079,3684,RAXXELZNTBOGNW-UHFFFAOYSA-N,169.48564420173165
509,110.116,4074,VIHYIVKEECZGOU-UHFFFAOYSA-N,86.38274843899356
510,150.13,1179,ZAQJHHRNXZUBTE-WVZVXSGGSA-N,-746.8926554522249
511,336.084,1556,RWHOZGRAXYWRNX-VFUOTHLCSA-J,-2595.4984139460635
512,119.12,334,UKAUYVFTDYCKQA-VKHMYHEASA-N,-492.66489110404046
513,117.104,342,HOSWPDPVFBCLSY-VKHMYHEASA-N,-452.54515010070105
514,275.282,364,ZDGJAHTZVHVLOT-YUMQZZPRSA-M,-969.6518896764048
515,439.389,587,OVBPIULPVIDEAO-LBPRGKRZSA-L,-723.6966905145116
516,395.42,11086,XIURVHNZVLADCM-IUODEOHRSA-M,-819.8943073525734
517,141.16,72126,SMJRBWINMFUUDS-UHFFFAOYSA-M,-260.499568127531
518,272.28,3617,HSHGZXNAXBPPDL-HZGVNTEJSA-N,-785.9243093493321
519,147.107,1116,UQIGQRSJIKIPKZ-GSVOUGTGSA-M,-780.9170887953064
520,60.052,330,WGCNASOHLSPBMP-UHFFFAOYSA-N,-294.2695183064959
521,117.10799999999999,557,BPMFZUMJYQTVII-UHFFFAOYSA-N,-314.35759811494006
522,195.072,4136,UUZLOPBEONRDRY-UHFFFAOYSA-L,-1102.2011698281951
523,504.43800000000005,4851,FYGDTMLNYKFZSV-ZWSAEMDYSA-N,-2244.86355004337
524,115.132,107,ONIBWKKTOPOVIA-BYPYZUCNSA-N,-301.99424566658286
525,113.116,886,RHTAIKJZSXNELN-UHFFFAOYSA-N,-260.88344847848
526,342.29699999999997,1995,QIGJYVCQYDKYDW-LCOYTZNXSA-N,-1579.9045694825204
527,90.12200000000001,2433,OWBTYPJTUOEWEK-QWWZWVQMSA-N,-327.12108203506375
528,88.10600000000001,631,ROWKJAVDOGWPAT-GSVOUGTGSA-N,-294.23405143568164
529,365.4,122520,LSQZJLSUYDQPKJ-NJBDSQKTSA-N,-669.1331575267955
530,167.16400000000002,3930,LJCWONGJFPCTTL-SSDOTTSWSA-N,-429.99755324259445
531,166.02599999999998,1122,CHDDAVCOAOFSLD-UHFFFAOYSA-L,-1294.2502640047992
532,258.143,897,YMJBYRVFGYXULK-QZABAPFNSA-M,-1605.687290335715
533,147.154,417,WBYWAXJHAXSJNI-VOTSOKGWSA-M,-126.72502870632374
534,102.09299999999999,1729,LLKCTZRWBHOKFF-UHFFFAOYSA-N,-279.3457895330439
535,306.168,221,JSRLJPSBLDHEIO-SHYZEUOFSA-L,
536,320.195,244,GYOZYWVXFNDGLU-XLPZGREQSA-L,-1407.3119635154833
537,207.35,1174,VLYUGYAKYZETRF-SSDOTTSWSA-N,-112.43001378078756
538,205.33,947,FCCDDURTIIUXBY-SSDOTTSWSA-N,-90.24020468381246
539,164.16,557745,"BTNMPGBKDVTSJY-UHFFFAOYSA-N
",-307.53601055405863
540,224.19299999999998,1321,OIUJHGOLFKDBSU-HTQZYQBOSA-M,-621.8195856814452
541,538.173,41023,DCDRZWPLOLPDAK-UUOKFMHZSA-L,-3553.8876769244216
542,135.119,43842,ZRPDXDBGEYHEBJ-UHFFFAOYSA-N,-666.9940444870676
543,105.09299999999999,658,MTCFGRXMJLQNBG-UWTATZPHSA-N,-522.4398438624032
544,565.318,33905,"CGPHZDRCVSLMCF-JZMIEXBBSA-N
",-2929.122102016521
545,192.195,4131,UTYVDVLMYQPLQB-UHFFFAOYSA-M,-344.03778042082723
546,193.132,1938,VBUYCZFBVCCYFD-NUNKFHFFSA-M,-1095.7932846847211
547,191.11599999999999,867,RXMWXENJQAINCC-DMTCNVIQSA-M,-1047.9371244455306
548,135.096,1513,JPIJQSOTBSSVTP-STHAYSLISA-M,-818.9280247193091
549,133.08,3026,SCSGVVIUUUPOOJ-GSVOUGTGSA-M,-783.5692406170239
550,,9753,,
551,100.161,2644,HPXRVTGHNJAIIH-UHFFFAOYSA-N,-148.01007037442673
552,98.145,784,JHIVVAPYMSGYDF-UHFFFAOYSA-N,-122.32967870886333
553,108.14,533,WVDDGKGOMKODPV-UHFFFAOYSA-N,-34.40666817642922
554,106.124,351,HUMNYLRZRPPJDN-UHFFFAOYSA-N,3.627563757420777
555,399.166,144,UJLXYODCHAELLY-XLPZGREQSA-K,-2320.3524705647924
556,143.186,1449,GUYHPGUANSLONG-SNAWJCMRSA-N,-226.69829816152455
557,862.57,74434,MZFOKIKEPGUZEN-IBNUZSNCSA-I,-3533.1959267066754
558,147.13,397,VZXPDPZARILFQX-BYPYZUCNSA-N,-668.7692205631412
559,242.231,399,IQFYYKKMVGJFEH-XLPZGREQSA-N,-563.286164143004
560,126.115,366,RWQNBRDOKXIBIV-UHFFFAOYSA-N,-232.16003215643002
561,146.099,254,HWXBTNAVRSUOJR-GSVOUGTGSA-L,-835.667172850012
562,146.099,1141,XFTRTWQBIOMVPK-YFKPBYRVSA-L,-835.6001477088364
563,255.09599999999998,617,OVPRPPOVAXRCED-WVZVXSGGSA-K,-1769.2998214680663
564,152.237,2174,DSSYKIVIOFKYAU-XCBNKYQSSA-N,
565,168.236,4594,DJQYBVLXBVJHMU-PJKMHFRUSA-N,
566,524.874,851,VYGQUTWHTHXGQB-FFHKNEKCSA-N,189.85678035491776
567,119.12,3718,CDUUKBXTEOFITR-UHFFFAOYSA-N,-512.7417317129625
568,182.136,216,YHHSONZFOIEMCP-UHFFFAOYSA-M,-985.595115573519
569,487.319,269,RZZPDXZPRHQOCG-OJAKKHQRSA-M,-2155.473403658003
570,324.263,4983,FDJKUWYYUZCUJX-PGIATKPXSA-M,-1517.0860552071108
571,237.208,42488,KSWRTSFNOKOHBE-BIAPBZAGSA-N,-1044.0081929483104
572,225.114,537,OKZYCXHTTZZYSK-ZCFIWIBFSA-K,-1489.081908826605
573,304.086,654,SIGQQUBJQXSAMW-ZCFIWIBFSA-J,-2402.2727602682335
574,146.055,691174,BZCOSCNPHJNQBP-OWOJBTEDSA-L,-964.0694206273498
575,150.13,439,SRBFZHDQGSBBOR-HWQSCIPKSA-N,-762.5257835111465
576,150.13,650,ZAQJHHRNXZUBTE-UCORVYFPSA-N,-757.6283052594571
577,211.067,1088,IXZNKTPIYKDIGG-REOHCLBHSA-L,-1548.798436605953
578,112.109,285,DWAKNKKXGALPNW-BYPYZUCNSA-M,-192.3020762572329
579,73.072,337,XBDQKXXYIPTUBI-UHFFFAOYSA-M,-362.7758148186365
580,288.431,280,MUMGGOZAMZWBJJ-DYKIIFRCSA-N,-866.1806319835587
581,286.415,226,AEMFNILZOJDQLW-QAGGRKNESA-N,-846.3203168210064
582,342.29699999999997,3055,PVXPPJIGRGXGCY-TZLCEDOOSA-N,
583,342.29699999999997,131550,RULSWEULPANCDV-PIXUTMIVSA-N,
584,131.131,72644,PMMYEEVYMWASQN-DMTCNVIQSA-N,-501.47005333502256
585,131.131,2482,PMMYEEVYMWASQN-QWWZWVQMSA-N,-501.4451523565793
586,167.18,2930,JKLRIMRKZBSSED-UHFFFAOYSA-N,-697.357092457266
587,245.15,4521,JOYGYOHHMWVUFM-UHFFFAOYSA-L,-1528.6727056257532
588,270.182,46934,GSDBGCKBBJVPNC-UHFFFAOYSA-N,-1015.0427764606417
589,348.14599999999996,3507,QOYUHKALUMVCHB-BYPYZUCNSA-L,-1850.888159468645
590,347.543,4377,LGEQQWMQCRIYKG-DOFZRALJSA-N,119.09252948042584
591,62.091,206,HZAXFHJVJLSVMW-UHFFFAOYSA-O,-186.3946119932686
592,303.467,127,YZXBAPSDXZZRGB-DOFZRALJSA-M,79.66403502018012
593,299.499,82768,HXYVTAGFYLMHSO-UHFFFAOYSA-N,-229.7154290356259
594,557.303,36269,SRNWOUGRCWSEMX-TYASJMOZSA-L,
595,117.15100000000001,2395,,
596,286.218,1413,SDVXSCSNVVZWDD-LURJTMIESA-K,-1230.1693145486531
597,288.257,1347,GLXUWZBUPATPBR-BQBZGAKWSA-L,-1133.353910118496
598,163.153,198,DEDGUGJNLNLJSR-UHFFFAOYSA-M,-301.8299995637489
599,1001.92,83,MNBKLUUYKPBKDU-BBECNAHFSA-J,-3126.096387646705
600,399.616,739,XOMRRQXKHMYMOC-OAQYLSRUSA-N,-500.53870682310736
601,178.14,799,AWQIYVPBMVSGCL-PHDIDXHHSA-N,-878.9001994571506
602,,62,,
603,,114,,
604,212.095,983,KBDKAJNTYKVSEK-PYHARJCCSA-L,-1421.4285782691536
605,,6385,,
606,,74705,,
607,831.7,1919,TZSJGZGYQDNRRX-MPLCHSTDSA-L,
608,87.055,231,OAKURXIZZOAYBC-UHFFFAOYSA-M,-477.3687349578505
609,89.094,136,UCMIRNVEIXFBKS-UHFFFAOYSA-N,-373.30221444175714
610,378.38,1155,VDYDCVUWILIYQF-CSMHCCOUSA-M,-1221.401009629396
611,72.063,293,AIJULSRZWUXGPQ-UHFFFAOYSA-N,-259.5498048576386
612,,75265,,
613,,74860,,
614,190.199,612,GMKMEZVLHJARHF-WHFBIAKZSA-N,-686.1017909485512
615,190.199,503,GMKMEZVLHJARHF-SYDPRGILSA-N,-687.7560708155837
616,685.54,459,KDTSHFARGAKYJN-IBOSZNHHSA-L,-2266.998704823013
617,273.111,307,BIRSGZKFKXLSJQ-SQOUGZDYSA-K,-1964.8809398570327
618,120.104,46145,UQPHVQVXLPRNCX-VKHMYHEASA-N,-603.3832676422351
619,834.52,588,QVXMZFTWJVBUHP-IBOSZNHHSA-I,-3545.471287740749
620,175.188,199,RHGKLRLOHDJJDR-BYPYZUCNSA-N,-487.5591146980278
621,255.09599999999998,74457,OVPRPPOVAXRCED-NQXXGFSBSA-K,-1766.8871268695523
622,155.134,74493,MYNHYKDPSRPBNZ-UHFFFAOYSA-N,-334.0283567789713
623,236.91400000000002,3099,AZSFNUJOCKMOGB-UHFFFAOYSA-K,
624,252.91400000000002,314,UNXRWKVEANCORM-UHFFFAOYSA-I,
625,120.104,36135,YTBSYETUWUMLBZ-IUYQGCFVSA-N,-603.6075608782868
626,120.104,3101,UQPHVQVXLPRNCX-GSVOUGTGSA-N,-606.04344919071
627,223.205,1035,PCMORTLOPMLEFB-ONEGZZNKSA-M,-709.4908244216924
628,386.353,1197,XRKBRPFTFKKHEF-DGDBGZAXSA-N,-1397.1318501547776
629,605.34,131777,LFTYTUAZOPRMMI-LDDHHVEYSA-L,
630,58.08,771,NBBJYMSMWIIQGU-UHFFFAOYSA-N,
631,546.339,88414,UIVJXHWSIFBBCY-OZZQZGJZSA-M,-2684.7967054806413
632,544.3,430,PSXWNITXWWECNY-UCBTUHGZSA-L,-2784.5580063631587
633,305.184,253,NCMVOABPESMRCP-SHYZEUOFSA-L,-1190.8699076899975
634,384.155,390,FTDHDKPUHBLBTL-SHYZEUOFSA-K,-2104.6817916701066
635,174.2,767,JRLGPAXAGHMNOL-LURJTMIESA-N,-485.2867592910902
636,187.15200000000002,689,RFMMMVDNIPUKGG-YFKPBYRVSA-L,-810.3762515572284
637,,74592,,
638,,74452,,
639,193.132,36159,AEMOLEFTQBMNLQ-YMDCURPLSA-M,-1091.693802297651
640,193.132,1292,IZSRJDGCGRAUAR-WDCZJNDASA-M,-1090.3450550164025
641,193.132,228,AEMOLEFTQBMNLQ-AQKNRBDQSA-M,-1092.778537695001
642,193.132,1498,PTCIWUZVDIQTOW-XDJBDKDSSA-M,-1092.2220912534713
643,,4870,,
644,,4969,,
645,196.122,4149,MVKRISPIRVEPFM-UHFFFAOYSA-N,-428.1421713584345
646,195.115,4225,VRZJGNXBSRQZGM-UHFFFAOYSA-M,-398.25810969015043
647,312.202,7926,MKMZAENVDZADSW-RRKCRQDMSA-M,
648,329.185,7927,DMJWGQPYNRPLGA-KQYNXXCUSA-M,
649,296.093,1049,AGQJQCFEPUVXNK-UHFFFAOYSA-K,-1656.1992217277912
650,221.17,889,OCYMERZCMYJQQO-UHFFFAOYSA-L,-899.3727933319017
651,343.32,629,HZSAJDVWZRBGIF-UHFFFAOYSA-M,-644.3839097990741
652,133.17,1062,AHLPHDHHMVZTML-SCSAIBSYSA-O,-371.34690703109624
653,189.144,456,WVMWZWGZRAXUBK-SYTVJDICSA-M,-983.907900822691
654,206.222,3497,CBQJSKKFNMDLON-JTQLQIEISA-M,
655,582.123,1699,WWMWAMFHUSTZTA-KQYNXXCUSA-I,-3675.24886847746
656,125.064,1526,QQVDJLLNRSOCEL-UHFFFAOYSA-N,-865.6905345728109
657,123.024,755,YEMKIGUKNDOZEG-UHFFFAOYSA-M,-962.8820616221815
658,,74561,,
659,,74421,,
660,,74748,,
661,,2815,,
662,147.197,903,KDXKERNSBIXSRK-RXMQYKEDSA-O,-360.05923191645405
663,351.464,628,XEYBRNLFEZDVAW-ARSRFYASSA-M,
664,349.44800000000004,1461,YRTJDWROBKPZNV-KMXMBPPJSA-M,
665,603.328,78,MVMSCBBUIHUTGJ-GDJBGNAASA-L,-3113.1442881744833
666,603.328,1294,MVMSCBBUIHUTGJ-JGQUBWHWSA-L,-3111.4588930824493
667,353.48,2912,GMVPRGQOIOIIMI-DWKJAMRDSA-M,-620.0391252187356
668,351.464,2740,VXPBDCBTMSKCKZ-XQHNHVHJSA-M,-601.8559034471092
669,192.167,65990,"AAWZDTNXLSGCEK-WYWMIBKRSA-N
",-1017.5371055317838
670,74.102,470,PCXDJQZLDDHMGX-UHFFFAOYSA-O,-152.41664319084146
671,76.142,331,XFNJVJPLKCPIBV-UHFFFAOYSA-P,-50.57113854509961
672,182.172,1138,FBPFZTCFMRRESA-GUCUJZIJSA-N,-944.7739338372386
673,180.15599999999998,74855,BJHIKXHVCXFQLS-PQLUHFTBSA-N,-916.3531309748463
674,184.32299999999998,8982,HFJRKMMYBMWEAD-UHFFFAOYSA-N,
675,199.315,381,POULHZVOKOAJMA-UHFFFAOYSA-M,
676,221.209,135,OVRNDRQMDRJTHS-RTRLPJTCSA-N,-889.2128862229525
677,242.12099999999998,1511,KNYGWWDTPGSEPD-OTWZMJIISA-L,-1588.843925883043
678,243.06900000000002,79,NUHSROFQTUXZQQ-UHFFFAOYSA-K,-1830.0402914025772
679,243.06900000000002,124,CBIDRCWHNCKSTO-UHFFFAOYSA-K,-1834.9426815957106
680,218.23,691160,GHOKWGTUZJEAQD-UHFFFAOYSA-M,-778.1247400576077
681,77.16,2165,NRZWQKGABZFFKE-UHFFFAOYSA-N,
682,399.45,19,MEFKEPWMEQBLKI-AIRLBKTGSA-O,
683,345.209,518,LTFMZDNNPPEQNG-KVQBGUIXSA-L,-1371.8221262053762
684,424.18,415,CIKGWCTVFSRMJU-KVQBGUIXSA-K,-2282.271371131898
685,130.056,132889,UWYVPFMHMJIBHE-UPHRSURJSA-L,-787.4072450959029
686,120.104,75274,YTBSYETUWUMLBZ-QWWZWVQMSA-N,-603.3974193443929
687,180.203,819,JMFRWRFFLBVWSI-NSCUHMNNSA-N,-333.85076414482495
688,178.187,802,DKZBBWMURDFHNE-NSCUHMNNSA-N,-306.0792166392529
689,450.255,577,NAQGHJTUZRHGAC-ZZZDFHIKSA-J,-1959.9163843388842
690,336.19800000000004,346,NOTGFIUVDGNKRI-UUOKFMHZSA-L,-1357.0364180651868
691,344.2,632,ZOOGRGPOEVQQDX-UUOKFMHZSA-M,
692,124.139,2458,OKVJCVWFVRATSG-UHFFFAOYSA-N,-234.6691036016475
693,122.12299999999999,2209,IAVREABSGIHHMO-UHFFFAOYSA-N,-208.17839483218822
694,,74549,,
695,,74416,,
696,103.098,375,DBXBTMSZEOQQDU-UHFFFAOYSA-M,-496.48421153495923
697,101.08200000000001,289,VOKUMXABRRXHAR-UHFFFAOYSA-M,-457.85124881504686
698,340.281,25462,HKKHTABTHSUDBP-WMIWJMKMSA-N,
699,,74591,,
700,,74424,,
701,158.11700000000002,582,POJWUDADGALRAB-UHFFFAOYSA-N,
702,272.388,339,VOXZDWNPVJITMN-ZBRFXRBCSA-N,-704.2836644546181
703,270.372,309,DNXHEGUUPJUMQT-CBZIJGRNSA-N,-682.1527194173334
704,603.328,74447,MVMSCBBUIHUTGJ-LRJDVEEWSA-L,-3107.0903632435834
705,31.999000000000002,312,OUUQCZGPVNCOIJ-UHFFFAOYSA-M,
706,131.175,6927,ROHFNLRQFUQHCH-RXMQYKEDSA-N,-348.68699575721456
707,297.33,142,WUUGFSXJNOTRMR-IOSLPCCCSA-N,-4.837172578366335
708,258.18,386,JTFITTQBRJDSTL-KVTDHHQDSA-L,-1395.8595236945416
709,129.159,649,HXEACLLIILLPRG-YFKPBYRVSA-N,-318.6760976920372
710,127.14299999999999,845,GEJXSVNGWOSZPC-UHFFFAOYSA-N,-279.1097230363052
711,384.648,779,PKEPPDGGTSZLBL-SKCNUYALSA-N,-581.5904151369217
712,384.648,544,CGSJXLIKVBJVRY-XTGBIJOFSA-N,-588.392180308704
713,137.115,156,FJKROLUGYXJWQN-UHFFFAOYSA-M,
714,152.14600000000002,941,HEBKCHPVOIAQTA-QWWZWVQMSA-N,-775.9564279536218
715,147.197,1747,NGDLSXMSQYUVSJ-WHFBIAKZSA-O,-353.6609691303106
716,145.158,2552,FAASBXNEOGMQHS-BYPYZUCNSA-N,-474.3646745695372
717,294.18,367,PDACUKOKVHBVHJ-XVFCMESISA-M,-1170.219598877869
718,337.18199999999996,483,XFVULMDJZXYMSG-ZIYNGMLESA-L,-1513.933008664964
719,364.208,435,ABCOOORLYAOBOZ-KQYNXXCUSA-L,-1481.6971591385222
