,reaction_id,stoichiometry
0,186966759109527143,"{691207: -1.0, 11: -1.0, 250: 1.0, 60: 1.0, 13: 1.0, 5: -1.0, 3: 1.0}"
1,1349204215246981340,"{487: -1.0, 5: -1.0, 224: 1.0, 3: 1.0}"
2,7250593312195052843,"{74392: -1.0, 123: 1.0}"
3,-6499772814337559815,"{6: -1.0, 43: -1.0, 10: 1.0, 152: 1.0, 3: 1.0}"
4,4737922193451855302,"{6: -1.0, 74381: -1.0, 532: 1.0, 14: 1.0}"
5,6876134337506736082,"{87: -1.0, 146: -1.0, 27: 1.0, 125: 1.0}"
6,981946081365563930,"{354: -2.0, 411: 1.0, 272: 1.0, 3: 1.0}"
7,7343660546929575490,"{1497: -1.0, 137: 1.0, 56: 1.0}"
8,3170648209904126635,"{74378: -1.0, 8: -1.0, 5: -1.0, 22: 1.0, 9: 1.0, 18: 1.0, 3: 1.0}"
9,-8536340822321382590,"{169: -1.0, 11: -1.0, 25: 1.0, 13: 1.0, 3: 1.0}"
10,6503277626690509612,"{57: -2.0, 11: -1.0, 143: 1.0, 13: 1.0, 3: 1.0}"
11,8148523035313414359,"{82: -1.0, 1011: 1.0}"
12,-4368646494129730171,"{23: -1.0, 12: -1.0, 15: 1.0, 266: 1.0}"
13,1733590353754184,"{131778: -1.0, 11: -1.0, 404: 1.0, 13: 1.0, 3: 1.0}"
14,1198981896543587853,"{17: -1.0, 5: -1.0, 200: 1.0, 12: 1.0}"
15,-4194555864042929039,"{169: -1.0, 694323: -1.0, 25: 1.0, 694324: 1.0, 3: 1.0}"
16,-7172871125164766852,"{14: -1.0, 53: -1.0, 12: 1.0, 359: 1.0, 3: 1.0}"
17,3017121664746491185,"{57: -2.0, 8: -1.0, 143: 1.0, 9: 1.0, 3: 1.0}"
18,-8146231473564530844,"{534: -1.0, 12: -1.0, 15: 1.0, 3970: 1.0}"
19,5369302002695203606,"{6: -1.0, 125172: -1.0, 10: 1.0, 396: 1.0, 3: 1.0}"
20,987705044675744595,"{837: -1.0, 176: 1.0}"
21,-6744877645062607630,"{572: -1.0, 8: -1.0, 581: 1.0, 9: 1.0, 3: 1.0}"
22,8678503864598892769,"{447: -1.0, 11: -1.0, 1260: 1.0, 13: 1.0, 3: 1.0}"
23,4808907525711363670,"{74537: -1.0, 8: -1.0, 928: 1.0, 9: 1.0, 3: 1.0}"
24,407900310599463305,"{6: -1.0, 379: -1.0, 10: 1.0, 74456: 1.0, 3: 1.0}"
25,8167590041044536301,"{287: -1.0, 11: -1.0, 72: 1.0, 13: 1.0, 3: 1.0}"
26,8244838607273426836,"{396: -1.0, 74: 2.0}"
27,6973642524290006996,"{152: -1.0, 125172: 1.0}"
28,-7562599798093915018,"{10: -2.0, 17: 1.0, 6: 1.0, 3: 1.0}"
29,-3164385390238126719,"{74384: -1.0, 8: -1.0, 414: 1.0, 9: 1.0, 3: 1.0}"
30,2436789154268764087,"{554: -1.0, 5: -1.0, 467: 1.0, 110: 1.0}"
31,-1826395897549750037,"{486: -1.0, 11: -1.0, 567: 1.0, 13: 1.0, 3: 1.0}"
32,4267599336300546298,"{118: -1.0, 11: -1.0, 514: 1.0, 13: 1.0, 3: 1.0}"
33,2336767313444016558,"{866: -1.0, 160: -1.0, 594: 1.0, 201: 1.0}"
34,-4804754287300810533,"{316: -1.0, 12: -1.0, 201: 1.0, 281: 1.0}"
35,5277401641939870117,"{92: -1.0, 23: -1.0, 11: -1.0, 5: -1.0, 123: 1.0, 15: 1.0, 13: 1.0, 3: 2.0}"
36,-8780628502981898327,"{578: -1.0, 87: 1.0}"
37,-9135026512406588580,"{396: -1.0, 5: -1.0, 125172: 1.0, 12: 1.0}"
38,6588919452711391744,"{711: -1.0, 11: -1.0, 677: 1.0, 13: 1.0, 3: 1.0}"
39,-5726389227823939706,"{425: -1.0, 11: -1.0, 125: 1.0, 13: 1.0, 3: 1.0}"
40,-3139533678901088615,"{6: -1.0, 118: -1.0, 10: 1.0, 248: 1.0}"
41,2233731584182830167,"{493: -1.0, 14: -1.0, 222: 1.0, 86: 1.0, 3: -1.0}"
42,6210800125492690527,"{1065: -1.0, 1578: 1.0}"
43,8707243331175592257,"{71: -1.0, 74: 1.0}"
44,-869850633456966484,"{6: -1.0, 701: -1.0, 10: 1.0, 130: 1.0}"
45,7190984277149311230,"{6: -1.0, 25: -1.0, 12: -1.0, 17: 1.0, 70: 1.0, 14: 1.0, 3: 2.0}"
46,1388465196634887642,"{74603: -1.0, 567: 1.0}"
47,-2057384370015662956,"{489: -1.0, 11: -1.0, 163: 1.0, 13: 1.0, 3: 1.0}"
48,-99477813365225716,"{6: -1.0, 74378: -1.0, 18: -1.0, 10: 1.0, 12: 1.0, 39: 1.0, 3: 1.0}"
49,-5415105282518118661,"{29047: -1.0, 125172: 1.0}"
50,9084539548008749025,"{817: -1.0, 590: -1.0, 119: 1.0, 1356: 1.0}"
51,-8630838916354147283,"{6: -1.0, 230: 1.0, 14: 1.0, 3: 1.0}"
52,7347325458507937848,"{113: -1.0, 74429: -1.0, 49: 1.0, 14: 1.0}"
53,73556005248960653,"{159: -1.0, 12: -1.0, 74381: 1.0, 1260: 1.0}"
54,-7379003169437146610,"{92: -1.0, 8: -1.0, 5: -1.0, 25: 1.0, 9: 1.0, 60: 1.0, 3: 1.0}"
55,-7473424719822025011,"{6: -1.0, 81: -1.0, 60: -1.0, 10: 1.0, 12: 1.0, 131807: 1.0, 3: 1.0}"
56,5761344330239046308,"{34: -1.0, 22: -1.0, 25: 1.0, 74378: 1.0}"
57,-306019141385636712,"{402: -1.0, 48: -1.0, 5: -1.0, 472: 1.0, 70: 1.0, 60: 1.0, 3: 1.0}"
58,642530110316140070,"{14: -1.0, 48: -1.0, 5: -1.0, 12: 1.0, 70: 1.0, 60: 1.0, 3: 1.0}"
59,8532059870233980920,"{172: -1.0, 1260: 1.0}"
60,6322255406110683089,"{6: -1.0, 67: -1.0, 10: 1.0, 3176: 1.0, 3: 1.0}"
61,-9135636061725488420,"{380: -1.0, 12: -1.0, 246: 1.0, 281: 1.0}"
62,1006872221923066062,"{630: -1.0, 11: -1.0, 146: 1.0, 13: 1.0, 3: 1.0}"
63,-3414777046895076413,"{3686: -1.0, 11: -1.0, 5: -1.0, 34: 1.0, 25: 1.0, 13: 1.0, 3: 1.0}"
64,-1659716040213917041,"{585: -1.0, 11: -1.0, 1260: 1.0, 13: 1.0, 3: 1.0}"
65,5918447430746437261,"{2647: -1.0, 11: -1.0, 5: -1.0, 67: 1.0, 25: 1.0, 13: 1.0, 3: 1.0}"
66,-1283269348742414930,"{34: -1.0, 148: 1.0}"
67,-2972482527998108159,"{6: -1.0, 11: -1.0, 10: 1.0, 8: 1.0, 3: 1.0}"
68,1604212105113572643,"{1577: -1.0, 74: 1.0, 2118: 1.0}"
69,-8599431320448575749,"{74392: -1.0, 27: 1.0, 66: 1.0}"
70,-7442318189790576743,"{318: -1.0, 74381: 1.0}"
71,-7114202610019283525,"{88: -1.0, 5: -1.0, 92: 1.0}"
72,-5874636475233876768,"{173: -1.0, 8: -1.0, 224: 1.0, 9: 1.0, 5: -1.0, 3: 1.0}"
73,-3952176464011519429,"{92: -1.0, 11: -1.0, 5: -1.0, 25: 1.0, 13: 1.0, 60: 1.0, 3: 1.0}"
74,4904368220269244459,"{204: -1.0, 281: -1.0, 1032: 1.0, 12: 1.0, 3: -1.0}"
75,6453631670720408241,"{21: -1.0, 5: -1.0, 200: 1.0, 88364: 1.0}"
76,6954822192595829087,"{43: -1.0, 1260: 1.0}"
77,3883422763046420045,"{181: -1.0, 22: -1.0, 163: 1.0, 74378: 1.0}"
78,-6274822660730618777,"{203: -1.0, 484: 1.0}"
79,-416968502168979078,"{74378: -1.0, 11: -1.0, 5: -1.0, 22: 1.0, 13: 1.0, 18: 1.0, 3: 1.0}"
80,-127828144358602124,"{233: -1.0, 11: -1.0, 1479: 1.0, 13: 1.0, 3: 1.0}"
81,-1295198443524636527,"{74378: -1.0, 694323: -1.0, 5: -1.0, 22: 1.0, 694324: 1.0, 18: 1.0, 3: 1.0}"
82,5799624995044342785,"{74378: -1.0, 92: -1.0, 11: -1.0, 44: 1.0, 22: 1.0, 13: 1.0, 3: 1.0}"
83,-6069347607353055962,"{1341: -1.0, 22: -1.0, 1320: 1.0, 74378: 1.0}"
84,3396836518558427460,"{350: -1.0, 5: -1.0, 125172: 1.0, 18: 1.0}"
85,7043619773777078867,"{536: -1.0, 88: 1.0, 17: 1.0}"
86,-1940211655025049734,"{6: -1.0, 20: -1.0, 10: 1.0, 113: 1.0}"
87,2528537011900980250,"{75409: -1.0, 8: -1.0, 140: 1.0, 9: 1.0, 3: 1.0}"
88,2538514483787244978,"{313: -1.0, 3050: 1.0, 5: 1.0}"
89,5869599680138152393,"{261: -1.0, 118: 1.0}"
90,201124721210186600,"{125172: -1.0, 5: -1.0, 1260: 1.0, 12: 1.0}"
91,-7456998533937598215,"{43: -1.0, 8: -1.0, 321: 1.0, 9: 1.0, 3: 1.0}"
92,-2322167213347670945,"{74383: -1.0, 8: -1.0, 267: 1.0, 9: 1.0, 3: 1.0}"
93,-3249321877768614112,"{39: -1.0, 25: -1.0, 545: 1.0, 34: 1.0}"
94,-7194675397976190990,"{39: -1.0, 66: -1.0, 545: 1.0, 31: 1.0}"
95,-5445556328714568206,"{514: -1.0, 74378: -1.0, 22: 1.0, 359: 1.0}"
96,1368454481004848145,"{34: -1.0, 11: -1.0, 5: -1.0, 25: 1.0, 13: 1.0, 18: 1.0, 3: 1.0}"
97,-797106039694243135,"{200: -1.0, 5: -1.0, 160: 1.0, 229: 1.0}"
98,7846483187120959277,"{113: -1.0, 74381: -1.0, 14: 1.0, 52: 1.0}"
99,2639995027854073055,"{398: -1.0, 8: -1.0, 294: 1.0, 9: 1.0, 3: 1.0}"
100,-5633891264630581004,"{214: -1.0, 2133: 1.0, 25: 1.0}"
101,-5070983621402768756,"{287: -1.0, 694323: -1.0, 72: 1.0, 694324: 1.0, 3: 1.0}"
102,-333140462709301974,"{3741: -1.0, 11: -1.0, 2037: 1.0, 13: 1.0, 3: 1.0}"
103,-8222181366027335009,"{44: -1.0, 22: -1.0, 48: 1.0, 74378: 1.0}"
104,-7172003832041183316,"{1614: -1.0, 1682: 1.0}"
105,-7364086426755679566,"{255: -1.0, 22: -1.0, 250: 1.0, 74378: 1.0}"
106,-7359832159175612461,"{74381: -1.0, 152: 1.0}"
107,-8288062661185720593,"{1628: -1.0, 5: -1.0, 2221: 1.0, 474: 1.0}"
108,7373035511219216282,"{486: -1.0, 8: -1.0, 74603: 1.0, 9: 1.0, 3: 1.0}"
109,-7914906319950161541,"{72: -1.0, 15: -1.0, 11: -1.0, 23: 1.0, 13: 1.0, 3: 1.0}"
110,8367079169637328090,"{6: -1.0, 109: -1.0, 17: 1.0, 86: 1.0, 3: 1.0}"
111,8485159075551975834,"{92: -1.0, 11: -1.0, 48: 1.0, 13: 1.0, 3: 1.0}"
112,7786769674523335700,"{9409: -1.0, 5: -1.0, 369: 1.0, 1260: 1.0}"
113,-3392039729510961247,"{74455: -1.0, 11: -1.0, 125172: 1.0, 13: 1.0, 3: 1.0}"
114,-7931959029301933676,"{44: -1.0, 88: 1.0, 18: 1.0}"
115,5076578034803684087,"{522: -1.0, 88: 1.0, 67: 1.0}"
116,983836253505200412,"{17: -1.0, 5: -1.0, 160: 1.0, 109: 1.0}"
117,4682373071958924839,"{152: -1.0, 8: -1.0, 408: 1.0, 9: 1.0, 3: 1.0}"
118,3176041178891353595,"{320: -1.0, 5: -1.0, 274: 1.0, 18: 1.0, 3: -1.0}"
119,-9018958843690713205,"{691406: -1.0, 691491: 1.0}"
120,8909855108820782020,"{52: -1.0, 318: -1.0, 74381: 1.0, 74408: 1.0}"
121,-6573446637721331992,"{173: -1.0, 31: -1.0, 5: -1.0, 74383: 1.0, 53: 1.0}"
122,4179622839359594513,"{258: -1.0, 71: -1.0, 245: 1.0, 125172: 1.0}"
123,-4721462085991468063,"{369: -1.0, 11: -1.0, 2646: 1.0, 13: 1.0, 3: 1.0}"
124,-2840288459718840480,"{52: -1.0, 1260: -1.0, 20: 1.0, 159: 1.0}"
125,7234075632300689120,"{132: -1.0, 22: -1.0, 383: 1.0, 74378: 1.0}"
126,2583991494911343068,"{188: -1.0, 22: -1.0, 3723: 1.0, 74378: 1.0}"
127,3099716615315338901,"{427: -1.0, 12: -1.0, 74381: 1.0, 152: 1.0}"
128,-1070413007319971112,"{1290: -1.0, 2089: 1.0, 5: 1.0}"
129,4169086240611198516,"{323: -1.0, 8: -1.0, 552: 1.0, 9: 1.0, 3: 1.0}"
130,-4991955905399664728,"{13: -1.0, 8: -1.0, 11: 1.0, 9: 1.0}"
131,2319877890438109295,"{63: -1.0, 177: -1.0, 14: 1.0, 428: 1.0}"
132,9064858144182553344,"{3007: -1.0, 11: -1.0, 3025: 1.0, 13: 1.0, 3: 1.0}"
133,442715560842309211,"{396: -1.0, 74: 1.0, 71: 1.0}"
134,4436214234320636102,"{49832: -1.0, 4070: 1.0}"
135,3593124727461693792,"{831: -1.0, 25: 1.0, 66: 1.0}"
136,727436592782536332,"{7798: -1.0, 1637: 1.0, 5: 1.0}"
137,-5576868839587525033,"{239: -1.0, 5: -1.0, 443: 1.0, 3: 1.0}"
138,5447643663188893577,"{6: -1.0, 33: -1.0, 10: 1.0, 208: 1.0, 3: -1.0}"
139,-3758790872987094950,"{1311: -1.0, 11: -1.0, 5: -1.0, 1467: 1.0, 13: 1.0, 18: 1.0, 3: 1.0}"
140,4804065347653353253,"{343: -1.0, 5: -1.0, 369: 1.0, 43: 1.0}"
141,-4991955905399664728,"{11: -1.0, 9: -1.0, 13: 1.0, 8: 1.0}"
142,3176343771445438410,"{15: -1.0, 143: -1.0, 1974: 1.0, 57: 1.0}"
143,3568390954184965678,"{274: -1.0, 12: -1.0, 150: 1.0, 281: 1.0}"
144,936676170340845485,"{23: -1.0, 146: -1.0, 125: 1.0, 28: 1.0}"
145,-1901956114774880469,"{71: -1.0, 10: -1.0, 11: -1.0, 12: -1.0, 118: 1.0, 6: 1.0, 13: 1.0, 3: 1.0}"
146,1835463725579134798,"{281: -1.0, 109: 1.0}"
147,1379495117742342956,"{396: -1.0, 5: -1.0, 116484: 1.0, 12: 1.0}"
148,7703383207606443385,"{5465: -1.0, 5: -1.0, 43: 2.0}"
149,6530666041738419006,"{31: -1.0, 691214: -1.0, 27863: 1.0, 60: 1.0, 5: -1.0}"
150,8530810401082148703,"{3006: -1.0, 25: 1.0, 2118: 1.0}"
151,-9139111085289067711,"{173: -1.0, 11: -1.0, 487: 1.0, 13: 1.0}"
152,-1706486875490264468,"{173: -1.0, 694323: -1.0, 487: 1.0, 694324: 1.0}"
153,2890684354433395326,"{4620: -1.0, 22: -1.0, 497: 1.0, 74378: 1.0}"
154,-7092079770335016766,"{123: -1.0, 764: 1.0, 5: 1.0}"
155,5854177332797515316,"{117: -1.0, 14: -1.0, 201: 1.0, 86: 1.0, 3: -1.0}"
156,5567735255518076370,"{626: -1.0, 1576: 1.0}"
157,-8408008056778645427,"{23: -1.0, 85: -1.0, 15: 1.0, 745: 1.0}"
158,849180649387990360,"{1453: -1.0, 23: 1.0, 66: 1.0}"
159,7295158836613996318,"{109: -1.0, 137: 1.0}"
160,-8494507507324346284,"{563: -1.0, 8: -1.0, 888: 1.0, 9: 1.0, 3: 1.0}"
161,-7306063104491408236,"{52: -1.0, 74408: 1.0}"
162,-2646189027329580955,"{117: -1.0, 5: -1.0, 316: 1.0, 12: 1.0}"
163,4195678726378540595,"{152: -1.0, 5: -1.0, 43: 1.0, 12: 1.0}"
164,9173332600610707808,"{173: -1.0, 8: -1.0, 487: 1.0, 9: 1.0}"
165,-2563170552435585361,"{634: -1.0, 31: -1.0, 5: -1.0, 635: 1.0, 53: 1.0}"
166,-1884274195559571991,"{691273: -1.0, 56: 1.0, 74: 1.0}"
167,-6660235667210314687,"{137: -1.0, 176: 1.0}"
168,5459354464595590926,"{6: -1.0, 28: -1.0, 15: -1.0, 17: 1.0, 14: 1.0, 23: 1.0, 3: 1.0}"
169,5919073439303763063,"{1308: -1.0, 1145: 1.0, 18: 1.0}"
170,4122725423399859271,"{482: -1.0, 5: -1.0, 754: 1.0, 3: 1.0}"
171,-1243408286526470347,"{373: -1.0, 74381: -1.0, 1256: 1.0, 14: 1.0}"
172,-3435286475734258363,"{123: -1.0, 28: 1.0, 48: 1.0}"
173,-6630035350770004655,"{1450: -1.0, 1144: 1.0, 5: 1.0}"
174,3887585201431594645,"{66384: -1.0, 11: -1.0, 29687: 1.0, 13: 1.0, 3: 1.0}"
175,1546202750398447638,"{848: -1.0, 74378: -1.0, 74448: 1.0, 74383: 1.0}"
176,-8415088807222434669,"{187: -1.0, 5: -1.0, 43: 2.0}"
177,8531394949316810680,"{116484: -1.0, 414: 1.0, 74: 1.0}"
178,936584591193775339,"{74392: -1.0, 8: -1.0, 5: -1.0, 22: 1.0, 9: 1.0, 60: 1.0, 3: 1.0}"
179,-660930955791356056,"{419: -1.0, 25: 1.0, 414: 1.0}"
180,990308651756438228,"{1033: -1.0, 8: -1.0, 2118: 1.0, 9: 1.0, 3: 1.0}"
181,-2942428367354874008,"{806: -1.0, 270: 1.0}"
182,-2120778417288022237,"{74392: -1.0, 764: 1.0, 5: 1.0}"
183,6572138714375099058,"{179: -1.0, 11: -1.0, 371: 1.0, 13: 1.0, 3: 1.0}"
184,6360206294032865632,"{6: -1.0, 25: -1.0, 60: -1.0, 10: 1.0, 12: 1.0, 48: 1.0, 3: 1.0}"
185,-7117805928928240164,"{300: -1.0, 35: -1.0, 173: 1.0, 40: 1.0, 3: -1.0}"
186,1348662594555837472,"{179: -1.0, 11: -1.0, 453: 1.0, 13: 1.0, 3: 1.0}"
187,-4357054626575496358,"{261: -1.0, 70: 1.0, 5: 1.0}"
188,8132708027901597280,"{183: -1.0, 14: -1.0, 260: 1.0, 86: 1.0}"
189,-5281700221849893906,"{51: -1.0, 117: -1.0, 44: -1.0, 32: 1.0, 12: 1.0, 536: 1.0, 3: 2.0}"
190,4209190631919667265,"{745: -1.0, 5: -1.0, 28: 1.0, 85: 1.0, 3: 1.0}"
191,9195340004581421580,"{6: -1.0, 58: -1.0, 273: 1.0, 14: 1.0}"
192,4101622902621290612,"{4004: -1.0, 5: -1.0, 443: 1.0, 3: 1.0}"
193,-6597497756544102964,"{246: -1.0, 86: -1.0, 106: 1.0, 14: 1.0, 3: 1.0}"
194,5854177332797515316,"{201: -1.0, 86: -1.0, 117: 1.0, 14: 1.0, 3: 1.0}"
195,-3994753308106718771,"{160: -1.0, 86: -1.0, 17: 1.0, 14: 1.0, 3: 1.0}"
196,-5142964058252719570,"{75: -1.0, 1667: 1.0}"
197,-1291995620011466589,"{23: -2.0, 15: 1.0, 125: 1.0}"
198,3426361559984275113,"{319: -1.0, 18: -1.0, 1816: 1.0, 5: 1.0}"
199,-8999308007684389486,"{44860: -1.0, 5: -1.0, 43: 2.0}"
200,-5095234551215232255,"{1495: -1.0, 5: -1.0, 2463: 1.0}"
201,-1143577453697637139,"{954: -1.0, 11: -1.0, 497: 1.0, 13: 1.0, 3: 1.0}"
202,9205043250314258202,"{11228: -1.0, 113: -1.0, 82: 1.0, 14: 1.0}"
203,-2559485616700509681,"{52: -1.0, 125172: -1.0, 20: 1.0, 691168: 1.0}"
204,5104868271905704536,"{3112: -1.0, 11: -1.0, 691214: 1.0, 13: 1.0, 3: 1.0}"
205,-3994753308106718771,"{17: -1.0, 14: -1.0, 160: 1.0, 86: 1.0, 3: -1.0}"
206,578392262735771537,"{1940: -1.0, 71: 1.0, 72: 1.0}"
207,7378163644701484731,"{39: -1.0, 5: -1.0, 74378: 1.0, 18: 1.0}"
208,-3939931548073517716,"{701: -1.0, 5: -1.0, 18: 1.0, 60: 1.0, 3: -1.0}"
209,-1600682310248655425,"{279: -1.0, 3360: 1.0}"
210,6064500285550096589,"{404: -1.0, 1611: 1.0}"
211,-4909115892008344972,"{34: -1.0, 371: -1.0, 53: 1.0, 25: 1.0}"
212,5670118681728887985,"{6: -1.0, 25: -1.0, 10: 1.0, 70: 1.0, 3: 1.0}"
213,2849952775779890038,"{1023: -1.0, 1058: 1.0, 3: 1.0}"
214,3080649883849199454,"{200: -1.0, 12: -1.0, 160: 1.0, 281: 1.0}"
215,4051497761023966582,"{711: -1.0, 708: 1.0, 5: 1.0}"
216,2412927585724671307,"{978: -1.0, 202: 1.0, 5: 1.0}"
217,4146869928238315787,"{2700: -1.0, 11: -1.0, 377: 1.0, 13: 1.0, 3: 1.0}"
218,181309474809772194,"{425: -1.0, 202: 1.0, 5: 1.0}"
219,-5652344243724601991,"{148: -1.0, 22: -1.0, 25: 1.0, 313: 1.0}"
220,8540296956549529508,"{3153: -1.0, 11: -1.0, 45839: 1.0, 13: 1.0, 3: 1.0}"
221,3645232839557442128,"{2763: -1.0, 11: -1.0, 297: 1.0, 13: 1.0, 3: 1.0}"
222,-7868209883086920845,"{74429: -1.0, 49832: 1.0}"
223,5635498423271191774,"{319: -1.0, 751: 1.0}"
224,-5103626863154680212,"{1095: -1.0, 137: 1.0}"
225,4604354495783009798,"{126: -1.0, 664: 1.0, 18: 1.0}"
226,2546882286484661478,"{2140: -1.0, 11: -1.0, 2392: 1.0, 13: 1.0, 3: 1.0}"
227,-2857577461621144711,"{2959: -1.0, 11: -1.0, 25364: 1.0, 13: 1.0, 3: 1.0}"
228,-1568129973742745475,"{81: -1.0, 164: -1.0, 15: 1.0, 2694: 1.0}"
229,3769731290262252110,"{23: -1.0, 164: -1.0, 15: 1.0, 951: 1.0}"
230,-5410308437206396508,"{520: -1.0, 25: -1.0, 294: 1.0, 34: 1.0}"
231,-5445556328714568206,"{359: -1.0, 22: -1.0, 514: 1.0, 74378: 1.0}"
232,2038085569864233368,"{10929: -1.0, 567: 1.0}"
233,154286720414595079,"{652: -1.0, 12: -1.0, 165: 1.0, 281: 1.0}"
234,1787030293085548180,"{71: -1.0, 12: -1.0, 11: -1.0, 248: 1.0, 13: 1.0, 3: 1.0}"
235,-5434792341132595148,"{271: -1.0, 11: -1.0, 25: 1.0, 13: 1.0, 3: 1.0}"
236,1208594481071221232,"{691217: -1.0, 11: -1.0, 151: 1.0, 13: 1.0, 3: 1.0}"
237,707887355731045730,"{6935: -1.0, 11219: 1.0}"
238,-6277573065885303395,"{6935: -1.0, 29038: 1.0}"
239,7614465891556348563,"{1682: -1.0, 1637: 1.0}"
240,-3458992683230483082,"{2700: -1.0, 8: -1.0, 377: 1.0, 9: 1.0, 3: 1.0}"
241,8888618795849951696,"{266: -1.0, 3684: -1.0, 4074: 1.0, 12: 1.0, 3: 1.0}"
242,5787047204139908330,"{486: -1.0, 8: -1.0, 1179: 1.0, 9: 1.0, 3: 1.0}"
243,-4000968779094436173,"{125172: -1.0, 1556: -1.0, 152: 1.0, 396: 1.0}"
244,-3834682047781702765,"{334: -1.0, 8: -1.0, 342: 1.0, 9: 1.0, 3: 1.0}"
245,-6906118591891467427,"{364: -1.0, 11: -1.0, 5: -1.0, 75: 1.0, 22: 1.0, 13: 1.0, 3: 1.0}"
246,8994598808801220994,"{210: -1.0, 11: -1.0, 66: 1.0, 13: 1.0, 3: 1.0}"
247,6016543871133877022,"{89: -1.0, 5: -1.0, 357: 1.0, 25: 1.0, 18: 1.0}"
248,2604793330926362278,"{267: -2.0, 587: 1.0, 74383: 1.0}"
249,-6807494954475411043,"{11086: -1.0, 5: -1.0, 72126: 1.0, 3617: 1.0}"
250,3749106359800221749,"{1116: -1.0, 25: 1.0, 330: 1.0}"
251,-2607743978342430006,"{1300: -1.0, 5: -1.0, 369: 1.0, 43: 1.0}"
252,3247021904112891543,"{6: -1.0, 557: -1.0, 10: 1.0, 4136: 1.0, 3: 2.0}"
253,-1703824149842412078,"{372: -1.0, 11: -1.0, 125172: 1.0, 13: 1.0, 3: 1.0}"
254,-6169327627621067332,"{74384: -1.0, 11: -1.0, 438: 1.0, 13: 1.0, 3: 1.0}"
255,-7948791453869692731,"{4851: -1.0, 12: -1.0, 1056: 1.0, 74381: 1.0}"
256,-6887066427793020839,"{71: -1.0, 357: -1.0, 807: 1.0}"
257,-3019652017653239079,"{467: -1.0, 66: 1.0, 110: 1.0}"
258,-7526705103169414843,"{169: -1.0, 48: -1.0, 92: 1.0, 25: 1.0}"
259,8988781388550622025,"{25: -1.0, 12: -1.0, 266: 1.0, 41: 1.0}"
260,4263113047018564859,"{29047: -1.0, 5: -1.0, 172: 1.0, 12: 1.0}"
261,6471062896476025124,"{785: -1.0, 29047: 1.0}"
262,-7053209106674124044,"{15: -1.0, 28: -1.0, 6: -1.0, 23: 1.0, 10: 1.0, 12: 1.0}"
263,-6473639121217187330,"{107: -1.0, 8: -1.0, 886: 1.0, 9: 1.0, 3: 1.0}"
264,6464745845950200302,"{1995: -1.0, 12: -1.0, 43: 1.0, 74381: 1.0}"
265,1807962985872285216,"{2433: -1.0, 11: -1.0, 631: 1.0, 13: 1.0, 3: 1.0}"
266,-137362806851706063,"{70: -1.0, 1122: 1.0, 3: -1.0}"
267,-8446292145699278875,"{350: -1.0, 897: 1.0}"
268,4057195565984143757,"{6: -1.0, 28: -1.0, 10: 1.0, 266: 1.0}"
269,-7140071366581323084,"{91: -1.0, 417: 1.0, 18: 1.0}"
270,-6721166486031990524,"{848: -1.0, 31: -1.0, 1729: 1.0, 74383: 1.0}"
271,8398025383024869255,"{1174: -1.0, 11: -1.0, 947: 1.0, 13: 1.0, 3: 1.0}"
272,-664338025531510679,"{118: -1.0, 5: -1.0, 179: 1.0, 12: 1.0}"
273,3154891343634190526,"{187: -1.0, 12: -1.0, 43: 1.0, 74381: 1.0}"
274,970605010479974148,"{319: -1.0, 18: -1.0, 1321: 1.0, 5: 1.0}"
275,2506021545985337341,"{51: -1.0, 5: -1.0, 41023: 1.0}"
276,4969691869639218514,"{6: -1.0, 106: -1.0, 10: 1.0, 32: 1.0, 3: -1.0}"
277,1518368410399309564,"{43842: -1.0, 658: 1.0, 56: 1.0}"
278,-6117620970323107940,"{64: -1.0, 11: -1.0, 74: 1.0, 13: 1.0, 3: 1.0}"
279,-2137776552268604689,"{113: -1.0, 77: -1.0, 20: 2.0, 3: -1.0}"
280,-2869172528361958216,"{10: -1.0, 74381: -1.0, 532: 1.0, 12: 1.0}"
281,-5024802086444211258,"{31: -1.0, 56: -1.0, 53: 1.0}"
282,2493325782923099062,"{63: -1.0, 74381: -1.0, 33905: 1.0, 14: 1.0}"
283,8239484201629526762,"{4131: -1.0, 5: -1.0, 474: 1.0, 31: 1.0}"
284,984457083280048078,"{1938: -1.0, 8: -1.0, 867: 1.0, 9: 1.0, 3: 1.0}"
285,-668822167947932235,"{1513: -1.0, 11: -1.0, 3026: 1.0, 13: 1.0, 3: 1.0}"
286,-3802527553555922343,"{41: -1.0, 11: -1.0, 5: -1.0, 60: 1.0, 13: 1.0, 3: 1.0}"
287,-4315840453484626622,"{2644: -1.0, 11: -1.0, 784: 1.0, 13: 1.0, 3: 1.0}"
288,-4590251275121121380,"{533: -1.0, 11: -1.0, 351: 1.0, 13: 1.0, 3: 1.0}"
289,6969981032088984824,"{6: -1.0, 244: -1.0, 10: 1.0, 144: 1.0, 3: -1.0}"
290,-2746985548386423222,"{164: -1.0, 1449: 1.0, 5: 1.0}"
291,3035621549406284960,"{578: -1.0, 74434: 1.0}"
292,-2709807617141791473,"{6: -1.0, 27: -1.0, 15: -1.0, 10: 1.0, 12: 1.0, 87: 1.0}"
293,2045429184695298193,"{23: -1.0, 53: -1.0, 15: 1.0, 397: 1.0}"
294,2099233873823441096,"{399: -1.0, 160: -1.0, 594: 1.0, 366: 1.0}"
295,3088196032608081338,"{254: -1.0, 11: -1.0, 22: 1.0, 13: 1.0, 3: 1.0}"
296,-2000759973115800139,"{532: -1.0, 5: -1.0, 74381: 1.0, 17: 1.0, 3: 2.0}"
297,6319582286438142230,"{239: -1.0, 694323: -1.0, 222: 1.0, 694324: 1.0, 3: 1.0}"
298,-8001639643638978289,"{239: -1.0, 11: -1.0, 222: 1.0, 13: 1.0, 3: 1.0}"
299,6572503113456543280,"{1141: -1.0, 28: 1.0, 25: 1.0}"
300,-7180332115273138609,"{617: -1.0, 25: 1.0, 71: 1.0}"
301,8377620762696922488,"{229: -1.0, 29687: 1.0}"
302,-7090946223803260090,"{851: -1.0, 5: -1.0, 131778: 1.0, 102: 1.0, 3: 1.0}"
303,1928510407610529801,"{200: -1.0, 5: -1.0, 316: 1.0, 18: 1.0, 3: -1.0}"
304,-6982439033905282210,"{3718: -1.0, 148: 1.0, 56: 1.0}"
305,4155105870176047460,"{6: -1.0, 32: -1.0, 10: 1.0, 51: 1.0}"
306,6365002449666578660,"{14: -1.0, 5: -1.0, 12: 2.0, 3: 1.0}"
307,2234812843973056200,"{1260: -1.0, 71: -1.0, 125172: 1.0, 414: 1.0}"
308,-5856946166601284874,"{6: -1.0, 58: -1.0, 5: -1.0, 12: 2.0, 273: 1.0, 3: 1.0}"
309,4958218690357910795,"{63: -1.0, 216: -1.0, 14: 1.0, 269: 1.0}"
310,1122337545476797620,"{43: -1.0, 11: -1.0, 321: 1.0, 13: 1.0, 3: 1.0}"
311,-4240236432718916922,"{4983: -1.0, 42488: 1.0, 25: 1.0}"
312,-9206116360024418041,"{6: -1.0, 537: -1.0, 10: 1.0, 654: 1.0, 3: -1.0}"
313,-4875494980023086819,"{6: -1.0, 5: -1.0, 10: 1.0, 12: 1.0, 3: 1.0}"
314,-2304346615945429745,"{74378: -1.0, 313: 1.0}"
315,-2538401733817135462,"{691343: -1.0, 5: -1.0, 61: 1.0, 28: 1.0}"
316,2378271840033981178,"{954: -1.0, 11: -1.0, 691174: 1.0, 13: 1.0, 3: 1.0}"
317,-7914118065738783619,"{6: -1.0, 472: -1.0, 10: 1.0, 402: 1.0}"
318,722846762717580639,"{106: -1.0, 201: -1.0, 117: 1.0, 246: 1.0}"
319,7611493102802442152,"{41: -1.0, 8: -1.0, 5: -1.0, 60: 1.0, 9: 1.0, 3: 1.0}"
320,-8824398703323920015,"{439: -1.0, 650: 1.0}"
321,4478429709173294933,"{6: -1.0, 25: -1.0, 5: -1.0, 17: 1.0, 70: 1.0, 12: 1.0, 3: 3.0}"
322,-6753242837280305593,"{6: -1.0, 44: -1.0, 10: 1.0, 1088: 1.0}"
323,-2094345144869005319,"{74395: -1.0, 22: -1.0, 285: 1.0, 74378: 1.0, 5: 1.0, 3: 1.0}"
324,3224714712662481508,"{6: -1.0, 41: -1.0, 74383: -1.0, 10: 1.0, 12: 1.0, 224: 1.0}"
325,1921656278572332412,"{7798: -1.0, 337: 1.0, 25: 1.0}"
326,3417694355050859800,"{280: -1.0, 11: -1.0, 226: 1.0, 13: 1.0, 3: 1.0}"
327,-2965461083888551378,"{72644: -1.0, 2482: 1.0}"
328,-4439727930580336428,"{157: -1.0, 12: -1.0, 43: 1.0, 74381: 1.0}"
329,-4394394249471951371,"{6: -1.0, 2930: -1.0, 10: 1.0, 4521: 1.0, 3: 1.0}"
330,1266855592489283055,"{6: -1.0, 46934: -1.0, 10: 1.0, 3507: 1.0, 3: 1.0}"
331,4692421604848907312,"{4377: -1.0, 5: -1.0, 206: 1.0, 127: 1.0}"
332,1428590850034813236,"{82768: -1.0, 5: -1.0, 206: 1.0, 102: 1.0}"
333,-1171968650640528871,"{1056: -1.0, 12: -1.0, 43: 1.0, 74381: 1.0}"
334,-1428937115230470296,"{51: -1.0, 27: -1.0, 15: -1.0, 32: 1.0, 12: 1.0, 87: 1.0}"
335,9126933244134796248,"{6: -1.0, 336: -1.0, 11: 1.0, 14: 1.0}"
336,4365147677565279430,"{532: -1.0, 1260: -1.0, 10: 1.0, 159: 1.0}"
337,-2367940121745818635,"{157: -1.0, 5: -1.0, 43: 2.0}"
338,-3375899009800216534,"{14: -1.0, 125172: -1.0, 12: 1.0, 396: 1.0, 3: 1.0}"
339,7055603651082558737,"{1413: -1.0, 74378: -1.0, 1347: 1.0, 22: 1.0}"
340,-3978622452281674259,"{557745: -1.0, 198: 1.0}"
341,6176754516010412806,"{1308: -1.0, 74378: 1.0}"
342,-1650134585968605010,"{83: -1.0, 164: -1.0, 15: 1.0, 739: 1.0}"
343,-5451209118133317358,"{2816: -1.0, 11: -1.0, 940: 1.0, 13: 1.0, 3: 1.0}"
344,-1612872625157213772,"{1260: -1.0, 8: -1.0, 799: 1.0, 9: 1.0, 3: 1.0}"
345,-8135226526730319485,"{125172: -1.0, 71: -1.0, 245: 1.0, 176: 1.0}"
346,-585968395573139769,"{866: -1.0, 12: -1.0, 201: 1.0, 983: 1.0}"
347,-525203845515626663,"{258: -1.0, 71: -1.0, 109: 1.0, 176: 1.0}"
348,6022718571454015045,"{34: -1.0, 231: -1.0, 136: 1.0, 25: 1.0}"
349,4992792484550951157,"{216: -1.0, 5: -1.0, 85: 1.0, 12: 1.0}"
350,3567483746154661095,"{1155: -1.0, 57: 1.0, 293: 1.0}"
351,-6771634124261044399,"{812: -1.0, 11: -1.0, 231: 1.0, 13: 1.0, 3: 1.0}"
352,-3688247363970984584,"{116484: -1.0, 5: -1.0, 1260: 1.0, 12: 1.0}"
353,5189354817065023819,"{612: -1.0, 503: 1.0}"
354,-3892980830393032539,"{1564: -1.0, 5: -1.0, 369: 1.0, 12: 1.0}"
355,4386512615989424266,"{6: -1.0, 459: -1.0, 10: 1.0, 15: 1.0, 3: 1.0}"
356,6253198925968415390,"{152: -1.0, 8: -1.0, 5: -1.0, 307: 1.0, 9: 1.0, 3: 2.0}"
357,5161719185466130183,"{125172: -1.0, 330: -1.0, 46145: 1.0, 245: 1.0}"
358,-6324316311476742915,"{66: -1.0, 15: -1.0, 8: -1.0, 588: 1.0, 9: 1.0, 3: 1.0}"
359,-8209861774290320854,"{359: -1.0, 5: -1.0, 53: 1.0, 12: 1.0}"
360,3162746480237251304,"{6: -1.0, 199: -1.0, 44: -1.0, 17: 1.0, 14: 1.0, 522: 1.0, 3: 2.0}"
361,8425607940111368159,"{74457: -1.0, 25: 1.0, 71: 1.0}"
362,5492077392070260733,"{1497: -1.0, 125172: 1.0}"
363,2284868934144158496,"{664: -1.0, 5: -1.0, 74493: 1.0}"
364,1100365651819644960,"{36135: -1.0, 3101: 1.0}"
365,3349104151175796340,"{52: -1.0, 1035: -1.0, 20: 1.0, 1197: 1.0, 3: -1.0}"
366,1134658001500776694,"{6: -1.0, 123: -1.0, 15: -1.0, 10: 1.0, 12: 1.0, 23: 1.0, 48: 1.0}"
367,9214636690238793422,"{48: -1.0, 81: -1.0, 25: 1.0, 131807: 1.0}"
368,3549586376425408881,"{516: -1.0, 29687: 1.0}"
369,-8353782353581977821,"{88414: -1.0, 22: -1.0, 430: 1.0, 74378: 1.0}"
370,-2342317349582637947,"{130: -1.0, 44: -1.0, 12: 1.0, 443: 1.0, 3: 1.0}"
371,-5344628370742953658,"{43842: -1.0, 74383: -1.0, 173: 1.0, 658: 1.0, 5: 1.0}"
372,99787566831237419,"{6: -1.0, 253: -1.0, 10: 1.0, 390: 1.0, 3: -1.0}"
373,6519162422813364998,"{767: -1.0, 74378: -1.0, 74395: 1.0, 689: 1.0}"
374,8732323401773991409,"{164: -1.0, 11: -1.0, 1479: 1.0, 13: 1.0, 3: 1.0}"
375,3407697797109984241,"{36159: -1.0, 1292: 1.0}"
376,-7790824414496896898,"{228: -1.0, 1498: 1.0}"
377,497542199275793552,"{342: -1.0, 8: -1.0, 12: -1.0, 1088: 1.0, 9: 1.0, 3: 1.0}"
378,-3739644708660427769,"{31: -1.0, 72: -1.0, 134: 1.0}"
379,-4666698507852149579,"{4149: -1.0, 4225: 1.0, 3: 1.0}"
380,2529455882725041685,"{1049: -1.0, 889: -1.0, 14: 1.0, 629: 1.0, 3: -1.0}"
381,-6040244857328545993,"{1062: -1.0, 1311: 1.0}"
382,-1790844683934844358,"{456: -1.0, 581: 1.0, 5: 1.0}"
383,7479775516629766252,"{6: -1.0, 10: -1.0, 1699: 1.0, 17: 1.0, 3: 1.0}"
384,-7350054155052844021,"{73: -1.0, 22: -1.0, 145: 1.0, 74378: 1.0}"
385,-7778019238213678519,"{91: -1.0, 22: -1.0, 557745: 1.0, 74378: 1.0}"
386,6581182001394181291,"{1526: -1.0, 25: -1.0, 755: 1.0, 34: 1.0}"
387,-8630952912180401430,"{51: -1.0, 17: -1.0, 10: 1.0, 32: 1.0, 3: -1.0}"
388,1843159846716767874,"{75: -1.0, 903: 1.0}"
389,-3755935850479536580,"{402: -1.0, 5: -1.0, 117: 1.0, 14: 1.0, 3: 2.0}"
390,-1242851280226479504,"{78: -1.0, 1294: 1.0}"
391,-6054338439263788781,"{1141: -1.0, 1145: 1.0, 5: 1.0}"
392,8739832801480935498,"{2912: -1.0, 11: -1.0, 2740: 1.0, 13: 1.0, 3: 1.0}"
393,-5895111142926559016,"{65990: -1.0, 11: -1.0, 456: 1.0, 13: 1.0, 3: 1.0}"
394,-2233737935090677089,"{34: -1.0, 470: -1.0, 25: 1.0, 331: 1.0}"
395,-8437252780636896849,"{1138: -1.0, 11: -1.0, 74855: 1.0, 13: 1.0, 3: 1.0}"
396,331161337833635764,"{316: -1.0, 5: -1.0, 201: 1.0, 229: 1.0}"
397,4383787215932234967,"{48: -1.0, 23: -1.0, 5: -1.0, 123: 1.0, 15: 1.0, 3: 1.0}"
398,-2610155694460316556,"{135: -1.0, 2133: 1.0}"
399,7244857978775385997,"{1511: -1.0, 74: 1.0, 2118: 1.0}"
400,-2585722789139299333,"{79: -1.0, 124: 1.0}"
401,-3482377244774249001,"{691160: -1.0, 5: -1.0, 563: 1.0, 136: 1.0}"
402,4951328792758379617,"{6: -1.0, 518: -1.0, 10: 1.0, 415: 1.0, 3: -1.0}"
403,-1447168706189703673,"{48: -1.0, 132889: 1.0}"
404,6244597821638952195,"{67: -1.0, 31: -1.0, 74395: 1.0, 557: 1.0}"
405,-170011832609619423,"{516: -1.0, 229: 1.0}"
406,-4004978952758047903,"{36135: -1.0, 75274: 1.0}"
407,3737741440787008543,"{43: -1.0, 172: 1.0}"
408,5871037145602056881,"{107: -1.0, 8: -1.0, 285: 1.0, 9: 1.0, 3: 2.0}"
409,-5106917552589329030,"{819: -1.0, 8: -1.0, 802: 1.0, 9: 1.0, 3: 1.0}"
410,-7269390339747724911,"{577: -1.0, 88: 1.0, 346: 1.0}"
411,-8097608389132201040,"{2458: -1.0, 8: -1.0, 2209: 1.0, 9: 1.0, 3: 1.0}"
412,-6009776853083152257,"{372: -1.0, 8: -1.0, 152: 1.0, 9: 1.0, 3: 1.0}"
413,4634934880979484804,"{375: -1.0, 11: -1.0, 289: 1.0, 13: 1.0, 3: 1.0}"
414,1349266272904237045,"{132: -1.0, 11: -1.0, 5: -1.0, 383: 1.0, 13: 1.0, 18: 1.0, 3: 1.0}"
415,1785304068675607117,"{23: -1.0, 41: -1.0, 15: 1.0, 25: 1.0}"
416,-4212750823471081218,"{334: -1.0, 11: -1.0, 342: 1.0, 13: 1.0, 3: 1.0}"
417,7258886494752755396,"{339: -1.0, 11: -1.0, 309: 1.0, 13: 1.0, 3: 1.0}"
418,5223637268225813177,"{6: -1.0, 369: -1.0, 10: 1.0, 318: 1.0, 3: 1.0}"
419,908387246292390006,"{3718: -1.0, 74383: -1.0, 173: 1.0, 148: 1.0, 5: 1.0}"
420,486097277449176556,"{51: -1.0, 74381: -1.0, 74447: 1.0, 14: 1.0}"
421,5982250024158410437,"{51: -1.0, 785: -1.0, 78: 1.0, 14: 1.0}"
422,7470937532315911627,"{122520: -1.0, 5: -1.0, 2221: 1.0, 3930: 1.0}"
423,2108225226552314465,"{163: -1.0, 9: -1.0, 489: 1.0, 8: 1.0, 3: -1.0}"
424,-6655418393024437719,"{132: -1.0, 6927: 1.0}"
425,4702339650548720019,"{142: -1.0, 12: -1.0, 160: 1.0, 386: 1.0}"
426,-5697096345931036718,"{585: -1.0, 8: -1.0, 1260: 1.0, 9: 1.0, 3: 1.0}"
427,-1158680739310873589,"{6: -1.0, 337: -1.0, 15: -1.0, 17: 1.0, 14: 1.0, 81: 1.0, 3: 1.0}"
428,-3320219055120477990,"{130: -1.0, 74395: -1.0, 199: 1.0, 12: 1.0, 3: 1.0}"
429,-5222431817730206857,"{649: -1.0, 8: -1.0, 845: 1.0, 9: 1.0, 3: 1.0}"
430,50398940780346321,"{779: -1.0, 544: 1.0}"
431,5818466437295953701,"{307: -1.0, 8: -1.0, 5: -1.0, 137: 1.0, 9: 1.0, 60: 1.0, 3: 1.0}"
432,5962440953663061928,"{31: -1.0, 48: -1.0, 66: 1.0, 44: 1.0}"
433,-3198857352676884128,"{52: -1.0, 152: -1.0, 20: 1.0, 427: 1.0}"
434,-3708961149552693856,"{941: -1.0, 11: -1.0, 29687: 1.0, 13: 1.0, 3: 1.0}"
435,-2996906532100555305,"{1747: -1.0, 11: -1.0, 5: -1.0, 2552: 1.0, 13: 1.0, 18: 1.0, 3: 1.0}"
436,4578000646555072180,"{31: -1.0, 11: -1.0, 74383: -1.0, 173: 1.0, 13: 1.0, 18: 1.0, 60: 1.0, 5: -1.0, 3: 1.0}"
437,-2450704970376340714,"{74383: -1.0, 56: -1.0, 173: 1.0, 5: 1.0}"
438,1822874310678486636,"{367: -1.0, 60: -1.0, 483: 1.0, 5: 1.0}"
439,8076653819513759089,"{224: -1.0, 346: -1.0, 74383: 1.0, 435: 1.0}"
440,7343660546929575490,"{137: -1.0, 56: -1.0, 1497: 1.0}"
441,7326940822572100574,{5: 1}
442,8409472360893972785,{6: 1}
443,-8954738158619659016,{7: 1}
444,-4580905557422869115,{10: 1}
445,-2415838896916373137,{12: 1}
446,3040527725149736595,{16: 1}
447,-250773316989118887,{14: 1}
448,5205586030831168173,{18: 1}
449,4123055000158818906,{17: 1}
450,-4537199582454986878,{25: 1}
451,1725812283426801113,{75150: 1}
452,-2177415741748405755,{74378: 1}
453,-8911027902930934655,{22: 1}
454,-5619726324982471749,{24: 1}
455,-1245896484117962820,{43: 1}
456,-1289602406605687617,{28: 1}
457,4590695750945670818,{1721: 1}
458,5293009601541794867,{48: 1}
459,1957989911753039216,{31: 1}
460,6331830352717348349,{34: 1}
461,-2372134002527732628,{27: 1}
462,8584310651888674973,{66: 1}
463,-163358588529018865,{44: 1}
464,-3410954719895184686,{41: 1}
465,-1202179371432667531,{58: 1}
466,-6702255757170025576,{39: 1}
467,-7741084929746843186,{53: 1}
468,-3367243890764740005,{56: 1}
469,-5532309503460092559,{70: 1}
470,-32236390312552254,{89: 1}
471,2132828206827753644,{91: 1}
472,-1158472846831136398,{73: 1}
473,-2241007937031664213,{72: 1}
474,-7217929466608074505,{125172: 1}
475,6506660779352457529,{110: 1}
476,-4362360242129136706,{101: 1}
477,-6571130286363741225,{84: 1}
478,-7051927109303740432,{159: 1}
479,3817094441315441211,{152: 1}
480,6419246124620578691,{64: 1}
481,-9048579748429489475,{81378: 1}
482,-6375927916553451569,{1260: 1}
483,-5576020332846538008,{55: 1}
484,1070176052304748166,{74381: 1}
485,-75943406435557947,{74: 1}
486,5444017082070823699,{74384: 1}
487,5424129773256181990,{109: 1}
488,-4449776010704357064,{71: 1}
489,-4406065165189863231,{86: 1}
490,5074460519048760894,{229: 1}
491,-1114764124075010821,{88: 1}
492,-2765510244186073401,{132: 1}
493,-7139342881222970822,{369: 1}
494,-556738163977360978,{149: 1}
495,-4843151760857223325,{160: 1}
496,3215359728765576703,{92: 1}
497,5938450281651519388,{139: 1}
498,4385309023120631628,{123: 1}
499,-9173281901060672881,{172: 1}
500,700632251068970605,{210: 1}
501,-3804331010705672915,{146: 1}
502,-3347369336296361220,{74603: 1}
503,-8047037054884919841,{188: 1}
504,3205177476357143969,{438: 1}
505,6025866053570749778,{169: 1}
506,-600444664258819151,{134: 1}
507,-2153584890594610335,{118: 1}
508,7928676550693011786,{321: 1}
509,3773383653145119410,{137: 1}
510,2647147658195919970,{377: 1}
511,-9216992754015189034,{157: 1}
512,8880082068814951470,{277: 1}
513,7195819115621107755,{200: 1}
514,5390606049928730183,{516: 1}
515,2953112018782702861,{242: 1}
516,4549958221110379354,{273: 1}
517,-4154000256721069435,{266: 1}
518,9142336660882471504,{383: 1}
519,-7872207152539383525,{248: 1}
520,6992120465835648707,{8576: 1}
521,-2896635780272553592,{343: 1}
522,656921421922525876,{195: 1}
523,2122645880435098958,{437: 1}
524,6538455779452794144,{45839: 1}
525,-3279828708671279087,{102: 1}
526,-3239127054233213345,{44860: 1}
527,-8353001877297088204,{323: 1}
528,-469323439613273244,{179: 1}
529,8278345800804420594,{201: 1}
530,-2688695548343183320,{29047: 1}
531,6069574777350878427,{184: 1}
532,-12350648990613009,{74380: 1}
533,962877361108044639,{60: 1}
534,1389781605038674015,{316: 1}
535,4812212742761688140,{379: 1}
536,4570330627374949094,{621: 1}
537,5894326103817591976,{29687: 1}
538,-6429818917574087448,{567: 1}
539,-3216236967037381573,{74392: 1}
540,7447884048921976047,{396: 1}
541,-86124114903358873,{420: 1}
542,6583895285746215825,{486: 1}
543,-2012280344481424526,{585: 1}
544,-7959621807255262315,{218: 1}
545,-4395883965456588513,{764: 1}
546,-3935456497912006466,{357: 1}
547,2384893656994172528,{287: 1}
548,-4858869711667825286,{10929: 1}
549,1705924978708171692,{859: 1}
550,6113281236688213768,{215: 1}
551,-5522120439383224881,{748: 1}
552,3598552702204437318,{333: 1}
553,6156998349101508241,{230: 1}
554,-7707557397491964631,{414: 1}
555,-4110295829021828990,{281: 1}
556,7753844547333172446,{261: 1}
557,3696151214981565786,{785: 1}
558,-920050183952645880,{74455: 1}
559,-3773776269088421609,{1940: 1}
560,8419661490763037839,{684: 1}
561,8342429044407459639,{1332: 1}
562,-4372549897039776880,{447: 1}
563,9072323825324145777,{6982: 1}
564,8725615189793836158,{549: 1}
565,-1770398257766771496,{359: 1}
566,-590261821768616177,{812: 1}
567,-9129577506385531508,{187: 1}
568,-3891745668509560969,{372: 1}
569,-6157382633755816648,{1095: 1}
570,-3851008679347891521,{1564: 1}
571,3783574326954816272,{831: 1}
572,4243998226492694331,{408: 1}
573,1870574139833808826,{241: 1}
574,-569889951057653093,{1144: 1}
575,8846558428431748495,{940: 1}
576,1464042841817368134,{1101: 1}
577,-2449366411763199468,{675: 1}
578,-8111119757814336870,{3153: 1}
579,-8857140174244115748,{715: 1}
580,-8864348071338227217,{2700: 1}
581,-8679328048144652919,{3454: 1}
582,4260062212342482,{2089: 1}
583,1698715438857131967,{2844: 1}
584,-3976200307702137738,{3005: 1}
585,7438976871318677128,{4695: 1}
586,-763818746227309414,{5713: 1}
587,-3609126542713088731,{1322: 1}
588,-2118789612084583549,{5184: 1}
589,-5861608452641247611,{1290: 1}
590,3410073668615940828,{74443: 1}
591,3225549350156116317,{514: 1}
592,-1844659429025269055,{2646: 1}
593,3554848299081270601,{318: 1}
594,1759824364009960339,{1296: 1}
595,-4984466852798046522,{3789: 1}
596,4715886330704771259,{5400: 1}
597,-8802564178358178214,{691217: 1}
598,4902594449345977923,{2816: 1}
599,3346488251481016754,{905: 1}
600,-508781013600787809,{7804: 1}
601,-1155507928745126733,{2736: 1}
602,6378508562017188923,{2712: 1}
603,9085475633908502404,{1107: 1}
604,-8481649173808229929,{120404: 1}
605,-9214018890222342329,{2820: 1}
606,-8268555640049717195,{1786: 1}
607,7461035824738234370,{2713: 1}
608,-4697600382536376148,{4187: 1}
609,-1110514660947456717,{4400: 1}
610,-269871692691687532,{4643: 1}
611,-2966241463625986028,{10403: 1}
612,5442394914952175433,{21310: 1}
613,11472366491675467,{104: 1}
614,7152110391840979106,{185: 1}
615,-8369127520986205472,{7631: 1}
616,-6160351046136309165,{7632: 1}
617,540636452018021122,{8601: 1}
618,2971372839805734324,{21443: 1}
619,7982533264545186615,{43316: 1}
620,970920040757376942,{59029: 1}
621,-4300390664541878242,{21317: 1}
622,-5334138200067746786,{3909: 1}
623,-801175883698731778,{10405: 1}
624,7902788994811918991,{10412: 1}
625,8355580294910142026,{3649: 1}
626,-4048766625076727683,{10402: 1}
627,1816685366663856479,{3644: 1}
628,8448104593890591124,{21539: 1}
629,-5077824369145020902,{7633: 1}
630,8821119605897891897,{21358: 1}
631,-1883709401014540953,{10404: 1}
632,-1194144490846732348,{59027: 1}
633,5817476073251098189,{43314: 1}
634,-741760280233214444,{3747: 1}
635,-4095185267386986741,{694312: 1}
636,-112024383402589408,{10511: 1}
637,3377903153755222824,{23671: 1}
638,-1456805648605386137,{10660: 1}
639,-3012649669280935214,{694313: 1}
640,-1930119654675634139,{694314: 1}
641,-847592424738687044,{694315: 1}
642,5388052038942878461,{10530: 1}
643,234946969990754319,{694316: 1}
644,4182470554472188784,{26143: 1}
645,3266700258134978832,{10559: 1}
646,1317472139633520550,{694317: 1}
647,7255234645358403905,{26326: 1}
648,2400003669763368185,{694318: 1}
649,3482537719576774848,{694319: 1}
650,5691313112055424051,{694320: 1}
651,-27987988308181510,{4401: 1}
652,2288980552424614730,{9025: 1}
653,-5382916366666241913,{21316: 1}
654,6437469501233677408,{63823: 1}
655,7034026024110136292,{134963: 1}
656,-3310497807268399863,{134910: 1}
657,1775494781528362998,{33085: 1}
658,4868960411158782970,{134961: 1}
659,6773840867065946362,{694321: 1}
660,-2145550057864818720,{59087: 1}
661,-7320495195184089753,{473252: 1}
662,7856370368901709133,{694322: 1}
663,-409526630258612080,"{11: -1, 13: 1}"
664,-4598895157201272945,"{8: -1, 9: 1}"
665,-3397548407584231679,"{168: -1, 161: 1}"
666,1548755154964871750,"{167: -1, 191: 1}"
667,-8559373275974285423,"{158: -1, 421: 1}"
668,1079664419428985827,"{35: -1, 40: 1}"
669,-5836257607482602188,"{9721: -1, 9903: 1}"
670,-5034255369097442772,"{112: -1, 196: 1}"
671,7801520185122321427,"{140: -1, 75409: 1}"
672,-254768473765634546,"{352: -1, 494: 1}"
673,3104816479858854924,"{128996: -1, 130512: 1}"
674,-9112326447452302010,"{703: -1, 423: 1}"
675,-8661382941738799867,"{416: -1, 333: 1}"
